semana_inicio,anio,tiempo,post,tiempo_post,pm25_sem,hosp_resp_sem
2018-07-02,2018,1,0,0,31.38,484
2018-07-09,2018,2,0,0,35.96,511
2018-07-16,2018,3,0,0,32.96,488
2018-07-23,2018,4,0,0,38.78,549
2018-07-30,2018,5,0,0,31.97,481
2018-08-06,2018,6,0,0,30.07,485
2018-08-13,2018,7,0,0,35.01,499
2018-08-20,2018,8,0,0,30.4,469
2018-08-27,2018,9,0,0,34.58,478
2018-09-03,2018,10,0,0,37.95,503
2018-09-10,2018,11,0,0,33.54,469
2018-09-17,2018,12,0,0,26.89,451
2018-09-24,2018,13,0,0,26.94,444
2018-10-01,2018,14,0,0,26.29,411
2018-10-08,2018,15,0,0,32.23,464
2018-10-15,2018,16,0,0,32.28,393
2018-10-22,2018,17,0,0,29.61,391
2018-10-29,2018,18,0,0,19.68,385
2018-11-05,2018,19,0,0,27.43,389
2018-11-12,2018,20,0,0,26.19,374
2018-11-19,2018,21,0,0,25.04,347
2018-11-26,2018,22,0,0,23.24,313
2018-12-03,2018,23,0,0,17.81,322
2018-12-10,2018,24,0,0,13.25,298
2018-12-17,2018,25,0,0,16.93,336
2018-12-24,2018,26,0,0,19.88,302
2018-12-31,2018,27,0,0,17.97,338
2019-01-07,2019,28,0,0,17.49,332
2019-01-14,2019,29,0,0,17.47,315
2019-01-21,2019,30,0,0,20.6,347
2019-01-28,2019,31,0,0,20.53,342
2019-02-04,2019,32,0,0,22.74,336
2019-02-11,2019,33,0,0,23.84,355
2019-02-18,2019,34,0,0,21.64,331
2019-02-25,2019,35,0,0,21.58,334
2019-03-04,2019,36,0,0,23.96,341
2019-03-11,2019,37,0,0,18.89,332
2019-03-18,2019,38,0,0,28.32,392
2019-03-25,2019,39,0,0,23.62,389
2019-04-01,2019,40,0,0,24.09,367
2019-04-08,2019,41,0,0,19.15,389
2019-04-15,2019,42,0,0,27.73,425
2019-04-22,2019,43,0,0,29.04,377
2019-04-29,2019,44,0,0,25.73,443
2019-05-06,2019,45,0,0,26.52,441
2019-05-13,2019,46,0,0,28.31,458
2019-05-20,2019,47,0,0,27.48,480
2019-05-27,2019,48,0,0,25.82,469
2019-06-03,2019,49,0,0,36.94,495
2019-06-10,2019,50,0,0,38.3,521
2019-06-17,2019,51,0,0,33.52,460
2019-06-24,2019,52,0,0,34.59,550
2019-07-01,2019,53,0,0,36.14,549
2019-07-08,2019,54,0,0,34.29,513
2019-07-15,2019,55,0,0,40.02,554
2019-07-22,2019,56,0,0,39.31,558
2019-07-29,2019,57,0,0,39.96,525
2019-08-05,2019,58,0,0,35.39,562
2019-08-12,2019,59,0,0,34.27,540
2019-08-19,2019,60,0,0,32.93,524
2019-08-26,2019,61,0,0,38.53,532
2019-09-02,2019,62,0,0,29.61,461
2019-09-09,2019,63,0,0,36.68,497
2019-09-16,2019,64,0,0,34.58,482
2019-09-23,2019,65,0,0,32.67,478
2019-09-30,2019,66,0,0,32.43,472
2019-10-07,2019,67,0,0,26.45,461
2019-10-14,2019,68,0,0,28.52,418
2019-10-21,2019,69,0,0,22.41,422
2019-10-28,2019,70,0,0,28.13,389
2019-11-04,2019,71,0,0,28.58,444
2019-11-11,2019,72,0,0,16.92,381
2019-11-18,2019,73,0,0,26.5,379
2019-11-25,2019,74,0,0,23.32,354
2019-12-02,2019,75,0,0,21.68,375
2019-12-09,2019,76,0,0,22.47,334
2019-12-16,2019,77,0,0,22.62,324
2019-12-23,2019,78,0,0,22.68,333
2019-12-30,2019,79,0,0,18.94,321
2020-01-06,2020,80,0,0,18.02,344
2020-01-13,2020,81,0,0,23.54,352
2020-01-20,2020,82,0,0,19.47,335
2020-01-27,2020,83,0,0,25.56,348
2020-02-03,2020,84,0,0,21.83,342
2020-02-10,2020,85,0,0,21.45,332
2020-02-17,2020,86,0,0,17.97,350
2020-02-24,2020,87,0,0,19.61,362
2020-03-02,2020,88,0,0,26.52,368
2020-03-09,2020,89,0,0,25.98,398
2020-03-16,2020,90,0,0,24.89,370
2020-03-23,2020,91,0,0,29.03,413
2020-03-30,2020,92,0,0,29.33,411
2020-04-06,2020,93,0,0,29.69,392
2020-04-13,2020,94,0,0,30.08,439
2020-04-20,2020,95,0,0,27.08,428
2020-04-27,2020,96,0,0,32.7,446
2020-05-04,2020,97,0,0,32.21,466
2020-05-11,2020,98,0,0,30.75,506
2020-05-18,2020,99,0,0,33.58,515
2020-05-25,2020,100,0,0,34.12,513
2020-06-01,2020,101,0,0,34.06,523
2020-06-08,2020,102,0,0,32.95,507
2020-06-15,2020,103,0,0,35.37,532
2020-06-22,2020,104,0,0,40.82,548
2020-06-29,2020,105,0,0,44.86,572
2020-07-06,2020,106,0,0,43.59,552
2020-07-13,2020,107,0,0,43.19,536
2020-07-20,2020,108,0,0,39.76,583
2020-07-27,2020,109,0,0,45.6,600
2020-08-03,2020,110,0,0,43.97,539
2020-08-10,2020,111,0,0,45.47,584
2020-08-17,2020,112,0,0,43.93,569
2020-08-24,2020,113,0,0,40.64,537
2020-08-31,2020,114,0,0,40.76,566
2020-09-07,2020,115,0,0,42.58,526
2020-09-14,2020,116,0,0,36.5,511
2020-09-21,2020,117,0,0,37.34,486
2020-09-28,2020,118,0,0,34.19,514
2020-10-05,2020,119,0,0,30.46,451
2020-10-12,2020,120,0,0,28.69,425
2020-10-19,2020,121,0,0,30.07,431
2020-10-26,2020,122,0,0,31.21,443
2020-11-02,2020,123,0,0,29.41,414
2020-11-09,2020,124,0,0,32.72,398
2020-11-16,2020,125,0,0,27.75,378
2020-11-23,2020,126,0,0,26.95,409
2020-11-30,2020,127,0,0,28.85,394
2020-12-07,2020,128,0,0,27.49,364
2020-12-14,2020,129,0,0,23.08,348
2020-12-21,2020,130,0,0,28.67,403
2020-12-28,2020,131,0,0,28.42,372
2021-01-04,2021,132,0,0,19.32,345
2021-01-11,2021,133,0,0,20.58,306
2021-01-18,2021,134,0,0,20.71,362
2021-01-25,2021,135,0,0,19.76,353
2021-02-01,2021,136,0,0,19.15,333
2021-02-08,2021,137,0,0,19.25,361
2021-02-15,2021,138,0,0,18.28,393
2021-02-22,2021,139,0,0,21.75,404
2021-03-01,2021,140,0,0,20.23,396
2021-03-08,2021,141,0,0,23.4,379
2021-03-15,2021,142,0,0,25.07,428
2021-03-22,2021,143,0,0,23.08,433
2021-03-29,2021,144,0,0,27.91,419
2021-04-05,2021,145,0,0,31.3,450
2021-04-12,2021,146,0,0,31.25,431
2021-04-19,2021,147,0,0,33.32,453
2021-04-26,2021,148,0,0,32.34,466
2021-05-03,2021,149,0,0,37.61,488
2021-05-10,2021,150,0,0,32.98,484
2021-05-17,2021,151,0,0,36.29,493
2021-05-24,2021,152,0,0,33.01,542
2021-05-31,2021,153,0,0,35.31,545
2021-06-07,2021,154,0,0,39.08,585
2021-06-14,2021,155,0,0,41.94,590
2021-06-21,2021,156,0,0,39.84,555
2021-06-28,2021,157,0,0,42.32,556
2021-07-05,2021,158,1,1,40.7,551
2021-07-12,2021,159,1,2,37.44,574
2021-07-19,2021,160,1,3,41.05,541
2021-07-26,2021,161,1,4,38.49,591
2021-08-02,2021,162,1,5,34.96,560
2021-08-09,2021,163,1,6,35.49,462
2021-08-16,2021,164,1,7,36.3,538
2021-08-23,2021,165,1,8,34.77,498
2021-08-30,2021,166,1,9,29.35,506
2021-09-06,2021,167,1,10,33.12,492
2021-09-13,2021,168,1,11,26.91,502
2021-09-20,2021,169,1,12,33.34,452
2021-09-27,2021,170,1,13,32.44,449
2021-10-04,2021,171,1,14,30.63,453
2021-10-11,2021,172,1,15,26.58,374
2021-10-18,2021,173,1,16,22.0,388
2021-10-25,2021,174,1,17,26.99,428
2021-11-01,2021,175,1,18,27.29,396
2021-11-08,2021,176,1,19,20.78,397
2021-11-15,2021,177,1,20,22.17,359
2021-11-22,2021,178,1,21,21.45,330
2021-11-29,2021,179,1,22,22.71,366
2021-12-06,2021,180,1,23,23.06,313
2021-12-13,2021,181,1,24,22.48,352
2021-12-20,2021,182,1,25,19.09,320
2021-12-27,2021,183,1,26,15.79,318
2022-01-03,2022,184,1,27,17.92,333
2022-01-10,2022,185,1,28,16.6,315
2022-01-17,2022,186,1,29,12.81,274
2022-01-24,2022,187,1,30,11.06,338
2022-01-31,2022,188,1,31,17.02,301
2022-02-07,2022,189,1,32,15.48,344
2022-02-14,2022,190,1,33,18.18,327
2022-02-21,2022,191,1,34,17.52,333
2022-02-28,2022,192,1,35,22.46,349
2022-03-07,2022,193,1,36,21.77,341
2022-03-14,2022,194,1,37,17.36,351
2022-03-21,2022,195,1,38,19.23,360
2022-03-28,2022,196,1,39,20.45,393
2022-04-04,2022,197,1,40,25.52,365
2022-04-11,2022,198,1,41,27.43,412
2022-04-18,2022,199,1,42,29.72,421
2022-04-25,2022,200,1,43,26.47,397
2022-05-02,2022,201,1,44,32.88,426
2022-05-09,2022,202,1,45,32.43,440
2022-05-16,2022,203,1,46,34.01,461
2022-05-23,2022,204,1,47,30.63,464
2022-05-30,2022,205,1,48,30.59,492
2022-06-06,2022,206,1,49,33.16,485
2022-06-13,2022,207,1,50,33.34,538
2022-06-20,2022,208,1,51,32.94,494
2022-06-27,2022,209,1,52,34.81,535
2022-07-04,2022,210,1,53,34.02,541
2022-07-11,2022,211,1,54,36.72,472
2022-07-18,2022,212,1,55,40.74,551
2022-07-25,2022,213,1,56,39.59,523
2022-08-01,2022,214,1,57,34.85,528
2022-08-08,2022,215,1,58,36.57,551
2022-08-15,2022,216,1,59,37.92,548
2022-08-22,2022,217,1,60,32.12,489
2022-08-29,2022,218,1,61,31.01,492
2022-09-05,2022,219,1,62,27.55,473
2022-09-12,2022,220,1,63,33.4,512
2022-09-19,2022,221,1,64,35.16,465
2022-09-26,2022,222,1,65,30.16,458
2022-10-03,2022,223,1,66,26.44,400
2022-10-10,2022,224,1,67,31.0,441
2022-10-17,2022,225,1,68,28.99,433
2022-10-24,2022,226,1,69,21.69,394
2022-10-31,2022,227,1,70,23.4,374
2022-11-07,2022,228,1,71,20.64,385
2022-11-14,2022,229,1,72,22.27,343
2022-11-21,2022,230,1,73,18.91,323
2022-11-28,2022,231,1,74,21.34,361
2022-12-05,2022,232,1,75,20.23,349
2022-12-12,2022,233,1,76,19.13,322
2022-12-19,2022,234,1,77,15.23,319
2022-12-26,2022,235,1,78,19.45,344
2023-01-02,2023,236,1,79,16.33,305
2023-01-09,2023,237,1,80,12.48,309
2023-01-16,2023,238,1,81,5.64,323
2023-01-23,2023,239,1,82,16.67,315
2023-01-30,2023,240,1,83,20.34,321
2023-02-06,2023,241,1,84,21.53,318
2023-02-13,2023,242,1,85,20.82,331
2023-02-20,2023,243,1,86,21.11,334
2023-02-27,2023,244,1,87,21.92,349
2023-03-06,2023,245,1,88,21.6,348
2023-03-13,2023,246,1,89,19.63,341
2023-03-20,2023,247,1,90,15.87,355
2023-03-27,2023,248,1,91,22.26,388
2023-04-03,2023,249,1,92,20.65,382
2023-04-10,2023,250,1,93,21.46,355
2023-04-17,2023,251,1,94,26.82,386
2023-04-24,2023,252,1,95,28.17,426
2023-05-01,2023,253,1,96,26.19,394
2023-05-08,2023,254,1,97,31.19,483
2023-05-15,2023,255,1,98,29.8,461
2023-05-22,2023,256,1,99,30.1,458
2023-05-29,2023,257,1,100,26.42,458
2023-06-05,2023,258,1,101,34.27,514
2023-06-12,2023,259,1,102,38.78,479
2023-06-19,2023,260,1,103,32.25,448
2023-06-26,2023,261,1,104,36.76,475
2023-07-03,2023,262,1,105,35.81,475
2023-07-10,2023,263,1,106,37.36,503
2023-07-17,2023,264,1,107,38.71,548
2023-07-24,2023,265,1,108,40.07,558
2023-07-31,2023,266,1,109,43.4,490
2023-08-07,2023,267,1,110,40.97,472
2023-08-14,2023,268,1,111,39.51,474
2023-08-21,2023,269,1,112,31.95,511
2023-08-28,2023,270,1,113,29.64,494
2023-09-04,2023,271,1,114,30.67,435
2023-09-11,2023,272,1,115,32.92,496
2023-09-18,2023,273,1,116,29.17,426
2023-09-25,2023,274,1,117,29.76,453
2023-10-02,2023,275,1,118,28.85,431
2023-10-09,2023,276,1,119,27.76,416
2023-10-16,2023,277,1,120,27.23,405
2023-10-23,2023,278,1,121,31.33,395
2023-10-30,2023,279,1,122,23.8,403
2023-11-06,2023,280,1,123,23.32,361
2023-11-13,2023,281,1,124,21.05,373
2023-11-20,2023,282,1,125,25.89,356
2023-11-27,2023,283,1,126,20.64,341
2023-12-04,2023,284,1,127,20.54,335
2023-12-11,2023,285,1,128,17.31,372
2023-12-18,2023,286,1,129,15.06,281
2023-12-25,2023,287,1,130,9.55,292
