"block_id","user_std","date_clean","lat","long","type_house_std","raise_dog_house","number_dog_house","number_dog_vaccinated_2024","number_dog_vaccinated_sweep"
"1.16.4-45","VP02",2024-12-14 08:17:30.425864,"-16.524858399999999","-71.483503799999994","DOG_ANOTHER_AREA",NA,2,0,1
"1.5.7-5","VP04",2024-12-14 08:18:57.869939,"-16.4691191","-71.483521600000003","P","si",1,1,0
"1.5.7-5","VP04",2024-12-14 08:19:12.769013,"-16.4691078","-71.483515999999995","P","si",2,2,0
"1.5.7-22","VP04",2024-12-14 08:19:25.219518,"-16.469093600000001","-71.4835116","C",NA,0,0,0
"1.5.7-22","VP04",2024-12-14 08:19:36.536417,"-16.469082700000001","-71.483508799999996","C",NA,0,0,0
"1.16.15-6","VP03",2024-12-14 08:20:34.394808,"-16.531582","-71.482538300000002","P","si",2,2,2
"1.5.7-22","VP04",2024-12-14 08:20:40.102596,"-16.4690789","-71.483474099999995","C",NA,0,0,0
"1.5.7-22","VP04",2024-12-14 08:21:10.535283,"-16.469105599999999","-71.483311999999998","R",NA,0,0,0
"1.5.7-22","VP04",2024-12-14 08:21:51.885901,"-16.469095100000001","-71.483103400000005","P","si",2,2,0
"1.5.7-5","VP04",2024-12-14 08:22:09.318749,"-16.4691258","-71.483100100000001","C",NA,0,0,0
"1.5.7-22","VP04",2024-12-14 08:26:21.115564,"-16.469162399999998","-71.482974499999997","P","si",1,0,1
"1.16.4-90","VP02",2024-12-14 08:26:33.935968,"-16.525196699999999","-71.483110100000005","P","no",0,0,0
"1.16.4-90","VP02",2024-12-14 08:26:51.887024,"-16.525217999999999","-71.483116199999998","C",NA,0,0,0
"1.16.4-90","VP02",2024-12-14 08:26:58.935527,"-16.5252254","-71.483129399999996","P","no",0,0,0
"1.5.7-5","VP04",2024-12-14 08:27:08.206558,"-16.469144799999999","-71.482968499999998","P","si",2,0,0
"1.16.13-13","VP03",2024-12-14 08:27:57.580486,"-16.5311685","-71.482953699999996","P","si",1,1,1
"1.5.7-9","VP06",2024-12-14 08:28:42.574891,"-16.470690000000001","-71.484814999999998","LP",NA,0,0,0
"1.5.7-7","VP06",2024-12-14 08:28:52.21431,"-16.470705899999999","-71.484804199999999","LP",NA,0,0,0
"1.5.7-8","VP06",2024-12-14 08:29:12.304466,"-16.470711699999999","-71.484783300000004","P","si",1,1,0
"1.16.4-90","VP02",2024-12-14 08:29:21.81146,"-16.524975000000001","-71.482592100000005","P","si",1,0,1
"1.5.7-8","VP06",2024-12-14 08:29:42.797936,"-16.470711699999999","-71.484783300000004","C",NA,0,0,0
"1.5.7-11","VP06",2024-12-14 08:29:51.570977,"-16.470662099999998","-71.484811100000002","LV",NA,0,0,0
"1.5.7-12","VP06",2024-12-14 08:30:07.750593,"-16.470674500000001","-71.4847587","P","si",2,2,0
"1.5.7-10","VP06",2024-12-14 08:30:32.817216,"-16.4706589","-71.484588200000005","C",NA,0,0,0
"1.5.7-12","VP06",2024-12-14 08:30:51.690885,"-16.470634","-71.484523899999999","C",NA,0,0,0
"1.5.7-10","VP06",2024-12-14 08:31:05.190102,"-16.4706315","-71.484475099999997","C",NA,0,0,0
"1.5.7-12","VP06",2024-12-14 08:31:17.969377,"-16.4706501","-71.484429500000005","P","no",0,0,0
"1.5.7-23","VP04",2024-12-14 08:31:37.752344,"-16.4691437","-71.482731900000005","C",NA,0,0,0
"1.5.7-23","VP04",2024-12-14 08:31:41.834538,"-16.4691437","-71.482731900000005","C",NA,0,0,0
"1.5.7-4","VP04",2024-12-14 08:31:49.66792,"-16.469087099999999","-71.482668099999998","LV",NA,0,0,0
"1.5.7-4","VP04",2024-12-14 08:31:53.750613,"-16.469110400000002","-71.482674399999993","LV",NA,0,0,0
"1.5.5-10","VP06",2024-12-14 08:31:53.974149,"-16.470704300000001","-71.484344699999994","LP",NA,0,0,0
"1.12.1-55","VP01",2024-12-14 08:32:13.468017,"-16.501985900000001","-71.496408900000006","P","si",3,2,2
"1.5.7-9","VP06",2024-12-14 08:32:37.387606,"-16.470826200000001","-71.484355500000007","LP",NA,0,0,0
"1.5.7-23","VP04",2024-12-14 08:32:50.132513,"-16.4690969","-71.482592199999999","P","no",0,0,0
"1.5.5-5","VP06",2024-12-14 08:32:51.706609,"-16.470875800000002","-71.484354100000004","C",NA,0,0,0
"1.5.7-23","VP04",2024-12-14 08:32:55.91743,"-16.469092","-71.482602999999997","C",NA,0,0,0
"1.5.7-4","VP04",2024-12-14 08:33:00.066614,"-16.469097600000001","-71.482589599999997","C",NA,0,0,0
"1.5.7-12","VP06",2024-12-14 08:33:52.492531,"-16.470991900000001","-71.484365499999996","P","si",3,3,0
"1.5.7-4","VP04",2024-12-14 08:33:54.905881,"-16.4691656","-71.482321400000004","P","no",0,0,0
"1.16.4-90","VP02",2024-12-14 08:34:50.207637,"-16.525527199999999","-71.482893599999997","P","no",0,0,0
"1.16.4-90","VP02",2024-12-14 08:35:00.839459,"-16.525651700000001","-71.482949500000004","C",NA,0,0,0
"1.5.7-9","VP06",2024-12-14 08:35:01.753966,"-16.4709915","-71.4843549","C",NA,0,0,0
"1.16.4-90","VP02",2024-12-14 08:35:06.790779,"-16.5256474","-71.482949399999995","C",NA,0,0,0
"1.16.4-90","VP02",2024-12-14 08:35:17.075117,"-16.525641499999999","-71.482943000000006","C",NA,0,0,0
"1.16.14-3","VP03",2024-12-14 08:35:26.089929,"-16.5311953","-71.482229899999993","P","si",2,2,2
"1.16.4-89","VP02",2024-12-14 08:35:27.439734,"-16.525643200000001","-71.482939099999996","C",NA,0,0,0
"1.5.7-8","VP06",2024-12-14 08:35:31.353524,"-16.4710353","-71.484339700000007","C",NA,0,0,0
"1.16.4-89","VP02",2024-12-14 08:35:34.123213,"-16.525645300000001","-71.482937199999995","P","si",4,4,0
"1.16.4-89","VP02",2024-12-14 08:35:44.156351,"-16.525646900000002","-71.482939400000006","C",NA,0,0,0
"1.5.5-5","VP06",2024-12-14 08:35:44.923163,"-16.4710888","-71.484348800000006","R",NA,0,0,0
"1.5.7-12","VP06",2024-12-14 08:36:14.50569,"-16.471293599999999","-71.484343600000003","C",NA,0,0,0
"1.5.4-15","VP04",2024-12-14 08:36:35.030632,"-16.46912","-71.481928600000003","P","si",3,3,0
"1.5.4-16","VP04",2024-12-14 08:36:43.264999,"-16.4691039","-71.481847700000003","C",NA,0,0,0
"1.5.7-8","VP06",2024-12-14 08:36:43.729006,"-16.471384799999999","-71.484330099999994","D",NA,0,0,0
"1.5.7-8","VP06",2024-12-14 08:37:04.427066,"-16.471171900000002","-71.484344100000001","C",NA,0,0,0
"1.5.4-15","VP04",2024-12-14 08:37:45.723168,"-16.4691449","-71.481538700000002","LV",NA,0,0,0
"1.5.4-16","VP04",2024-12-14 08:37:54.07388,"-16.4691212","-71.481760499999993","C",NA,0,0,0
"1.5.4-16","VP04",2024-12-14 08:37:58.506683,"-16.469112200000001","-71.481750300000002","C",NA,0,0,0
"1.5.4-16","VP04",2024-12-14 08:38:26.856403,"-16.4690975","-71.481742600000004","C",NA,0,0,0
"1.5.4-16","VP04",2024-12-14 08:38:41.739535,"-16.4691422","-71.481676699999994","C",NA,0,0,0
"1.5.4-16","VP04",2024-12-14 08:39:25.626287,"-16.469151499999999","-71.481639099999995","P","si",1,1,0
"1.5.4-16","VP04",2024-12-14 08:39:45.61318,"-16.4691525","-71.481626399999996","C",NA,0,0,0
"1.16.4-91","VP02",2024-12-14 08:39:48.347288,"-16.526018799999999","-71.482865500000003","P","si",2,0,2
"1.5.4-16","VP04",2024-12-14 08:40:53.941939,"-16.469059399999999","-71.481436500000001","LV",NA,0,0,0
"1.5.4-15","VP04",2024-12-14 08:41:00.843904,"-16.469155300000001","-71.4812218","C",NA,0,0,0
"1.16.4-90","VP02",2024-12-14 08:41:23.406384,"-16.525954800000001","-71.482791300000002","C",NA,0,0,0
"1.16.4-88","VP02",2024-12-14 08:41:30.206465,"-16.525985899999998","-71.482870199999994","P","si",1,0,1
"1.5.4-15","VP04",2024-12-14 08:42:05.440639,"-16.4691878","-71.4811598","C",NA,0,0,0
"1.5.4-15","VP04",2024-12-14 08:42:09.039443,"-16.4691878","-71.4811598","C",NA,0,0,0
"1.5.4-15","VP04",2024-12-14 08:42:19.891168,"-16.4691869","-71.481179400000002","C",NA,0,0,0
"1.16.11-1","VP03",2024-12-14 08:42:42.827406,"-16.531244900000001","-71.482244300000005","P","si",4,3,3
"1.5.4-16","VP04",2024-12-14 08:43:10.968062,"-16.469162399999998","-71.481091699999993","C",NA,0,0,0
"1.12.1-8","VP01",2024-12-14 08:43:15.377992,"-16.503240900000002","-71.499250099999998","P","si",4,4,4
"1.5.4-15","VP04",2024-12-14 08:43:22.945214,"-16.4691306","-71.481014700000003","C",NA,0,0,0
"1.16.4-88","VP02",2024-12-14 08:44:56.812741,"-16.526354099999999","-71.482736799999998","P","si",2,0,2
"1.5.4-15","VP04",2024-12-14 08:46:02.624092,"-16.469031900000001","-71.4806478","C",NA,0,0,0
"1.5.4-16","VP04",2024-12-14 08:46:07.025788,"-16.4690379","-71.480655200000001","P","no",0,0,0
"1.5.4-14","VP04",2024-12-14 08:46:12.792268,"-16.469043299999999","-71.480670900000007","C",NA,0,0,0
"1.5.4-14","VP04",2024-12-14 08:46:16.090659,"-16.469054","-71.480670900000007","C",NA,0,0,0
"1.5.4-14","VP04",2024-12-14 08:46:26.025253,"-16.469060299999999","-71.480664500000003","P","si",1,0,1
"1.16.4-88","VP02",2024-12-14 08:48:08.465761,"-16.5262086","-71.482791800000001","P","si",1,0,1
"1.12.5-60","VP08",2024-12-14 08:48:31.723624,"-16.489387700000002","-71.4910967","P","si",4,0,4
"1.16.4-91","VP02",2024-12-14 08:48:53.496532,"-16.526273","-71.482830699999994","P","si",1,0,1
"1.16.4-88","VP02",2024-12-14 08:49:57.358787,"-16.5266144","-71.482742999999999","D",NA,0,0,0
"1.16.4-88","VP02",2024-12-14 08:50:02.608318,"-16.526609300000001","-71.482736299999999","D",NA,0,0,0
"1.16.4-91","VP02",2024-12-14 08:50:08.008841,"-16.526623799999999","-71.482742299999998","D",NA,0,0,0
"1.16.4-91","VP02",2024-12-14 08:50:12.75955,"-16.526661799999999","-71.482736099999997","C",NA,0,0,0
"1.16.4-91","VP02",2024-12-14 08:50:18.775612,"-16.526684599999999","-71.482707899999994","C",NA,0,0,0
"1.16.4-88","VP02",2024-12-14 08:50:35.309086,"-16.5267819","-71.482698799999994","C",NA,0,0,0
"1.5.4-14","VP04",2024-12-14 08:51:25.253585,"-16.469197699999999","-71.480170900000005","C",NA,0,0,0
"1.16.14-3","VP03",2024-12-14 08:51:25.866275,"-16.5311503","-71.481843600000005","P","si",7,6,6
"1.5.4-14","VP04",2024-12-14 08:51:28.587301,"-16.469197699999999","-71.480170900000005","C",NA,0,0,0
"1.5.4-16","VP04",2024-12-14 08:51:32.219995,"-16.469167200000001","-71.480161100000004","C",NA,0,0,0
"1.16.11-2","VP03",2024-12-14 08:52:34.213462,"-16.531136799999999","-71.481937000000002","P","si",2,2,2
"1.5.5-5","VP06",2024-12-14 08:54:07.475784,"-16.471549799999998","-71.484253600000002","P","si",3,0,3
"1.12.1-53","VP01",2024-12-14 08:55:23.875946,"-16.505262200000001","-71.496052700000007","C",NA,0,0,0
"1.12.5-108","VP07",2024-12-14 08:55:43.912522,"-16.4908906","-71.492502400000006","P","si",3,0,2
"1.12.1-53","VP01",2024-12-14 08:55:46.67581,"-16.506364300000001","-71.496255300000001","D",NA,0,0,0
"1.12.1-53","VP01",2024-12-14 08:56:07.39662,"-16.5063359","-71.496254899999997","D",NA,0,0,0
"1.16.4-88","VP02",2024-12-14 08:56:47.368588,"-16.5269291","-71.482541800000007","P","si",2,0,2
"1.5.4-11","VP04",2024-12-14 08:56:59.93303,"-16.471101099999998","-71.4722139","LV",NA,0,0,0
"1.5.4-11","VP04",2024-12-14 08:57:10.883347,"-16.4710921","-71.472193799999999","C",NA,0,0,0
"1.5.4-11","VP04",2024-12-14 08:57:14.81685,"-16.4710921","-71.472193799999999","C",NA,0,0,0
"1.12.1-9","VP01",2024-12-14 08:57:22.912217,"-16.506320899999999","-71.496284200000005","D",NA,0,0,0
"1.5.4-11","VP04",2024-12-14 08:57:25.433189,"-16.4710933","-71.472181199999994","C",NA,0,0,0
"1.12.5-69","VP07",2024-12-14 08:57:47.173478,"-16.490646399999999","-71.492799599999998","D",NA,0,0,0
"1.12.5-69","VP07",2024-12-14 08:57:57.057526,"-16.490645499999999","-71.4928405","D",NA,0,0,0
"1.5.4-12","VP04",2024-12-14 08:58:41.652987,"-16.471047500000001","-71.472504700000002","C",NA,0,0,0
"1.5.4-12","VP04",2024-12-14 08:58:45.487708,"-16.471048499999998","-71.472497099999998","C",NA,0,0,0
"1.5.4-12","VP04",2024-12-14 08:58:49.986979,"-16.471047899999999","-71.472490300000004","P","si",1,0,1
"1.12.5-69","VP07",2024-12-14 08:59:35.558935,"-16.4907021","-71.493076599999995","D",NA,0,0,0
"1.5.5-7","VP06",2024-12-14 08:59:57.953163,"-16.4717518","-71.484657799999994","C",NA,0,0,0
"1.16.11-2","VP03",2024-12-14 09:00:46.370889,"-16.531331000000002","-71.481737600000002","P","si",1,1,0
"1.12.5-69","VP07",2024-12-14 09:01:06.932442,"-16.4906495","-71.493301599999995","D",NA,0,0,0
"1.12.5-60","VP08",2024-12-14 09:01:37.645269,"-16.489312200000001","-71.491109399999999","LV",NA,0,0,0
"1.12.5-60","VP08",2024-12-14 09:01:42.799526,"-16.4893088","-71.491152799999995","LV",NA,0,0,0
"1.12.5-60","VP08",2024-12-14 09:01:47.155166,"-16.489335000000001","-71.491149800000002","D",NA,0,0,0
"1.12.5-69","VP07",2024-12-14 09:01:49.226016,"-16.490179399999999","-71.493337100000005","C",NA,0,0,0
"1.12.5-69","VP07",2024-12-14 09:01:58.326705,"-16.4901886","-71.493366800000004","D",NA,0,0,0
"1.5.7-12","VP06",2024-12-14 09:02:19.50766,"-16.471424500000001","-71.484371600000003","C",NA,0,0,0
"1.16.4-92","VP02",2024-12-14 09:02:29.296542,"-16.527338199999999","-71.482479600000005","LV",NA,0,0,0
"1.16.4-92","VP02",2024-12-14 09:02:36.964086,"-16.527338400000001","-71.482479699999999","D",NA,0,0,0
"1.5.7-12","VP06",2024-12-14 09:02:38.851,"-16.471262200000002","-71.484378399999997","C",NA,0,0,0
"1.16.4-92","VP02",2024-12-14 09:02:49.979858,"-16.527321100000002","-71.482488599999996","LV",NA,0,0,0
"1.16.4-87","VP02",2024-12-14 09:03:00.846421,"-16.527313500000002","-71.482495999999998","D",NA,0,0,0
"1.16.4-87","VP02",2024-12-14 09:03:05.36387,"-16.527312999999999","-71.482496400000002","D",NA,0,0,0
"1.16.4-87","VP02",2024-12-14 09:03:09.213921,"-16.5273082","-71.482501400000004","D",NA,0,0,0
"1.12.5-64","VP08",2024-12-14 09:03:15.236334,"-16.4894058","-71.491090400000004","P","si",2,2,0
"1.12.5-69","VP07",2024-12-14 09:03:54.660135,"-16.490108299999999","-71.493196100000006","P","si",3,3,0
"1.16.14-13","VP03",2024-12-14 09:04:21.093326,"-16.531392799999999","-71.481684999999999","P","si",3,1,1
"1.16.11-3","VP03",2024-12-14 09:04:52.367912,"-16.531355000000001","-71.481685799999994","P","si",1,1,1
"1.12.5-69","VP07",2024-12-14 09:05:10.015345,"-16.490081100000001","-71.493227300000001","D",NA,0,0,0
"1.12.5-71","VP07",2024-12-14 09:05:24.598655,"-16.489813900000001","-71.493295000000003","C",NA,0,0,0
"1.12.5-71","VP07",2024-12-14 09:05:59.299776,"-16.489590499999998","-71.493293699999995","C",NA,0,0,0
"1.12.1-9","VP01",2024-12-14 09:07:28.240705,"-16.506310899999999","-71.496286699999999","P","si",6,4,4
"1.12.5-69","VP07",2024-12-14 09:07:30.404459,"-16.4894733","-71.493000100000003","C",NA,0,0,0
"1.12.5-69","VP07",2024-12-14 09:07:35.421211,"-16.489473199999999","-71.492999299999994","C",NA,0,0,0
"1.16.14-6","VP03",2024-12-14 09:07:56.733712,"-16.531466399999999","-71.481766199999996","P","si",1,1,1
"1.12.5-68","VP07",2024-12-14 09:08:06.253742,"-16.489451599999999","-71.493006199999996","C",NA,0,0,0
"1.12.5-69","VP07",2024-12-14 09:08:22.271257,"-16.489449499999999","-71.493002200000006","C",NA,0,0,0
"1.16.4-92","VP02",2024-12-14 09:08:31.124254,"-16.527444299999999","-71.482451499999996","P","si",2,0,2
"1.12.5-68","VP07",2024-12-14 09:08:40.537433,"-16.4894386","-71.492785100000006","C",NA,0,0,0
"1.16.4-92","VP02",2024-12-14 09:08:49.257663,"-16.5274109","-71.482428799999994","LV",NA,0,0,0
"1.16.4-87","VP02",2024-12-14 09:09:00.309453,"-16.527411499999999","-71.482431199999994","LV",NA,0,0,0
"1.12.5-64","VP08",2024-12-14 09:10:05.129543,"-16.488205600000001","-71.491218000000003","P","si",2,0,2
"1.12.5-64","VP08",2024-12-14 09:10:20.794741,"-16.488229400000002","-71.491176999999993","D",NA,0,0,0
"1.12.5-64","VP08",2024-12-14 09:10:26.116278,"-16.488228599999999","-71.491180299999996","LV",NA,0,0,0
"1.12.5-64","VP08",2024-12-14 09:10:30.058881,"-16.4882308","-71.491179700000004","LV",NA,0,0,0
"1.12.5-64","VP08",2024-12-14 09:10:34.233404,"-16.488230300000001","-71.491179900000006","P","no",0,0,0
"1.5.4-12","VP04",2024-12-14 09:10:58.979935,"-16.470877099999999","-71.472167600000006","P","si",4,0,4
"1.16.4-87","VP02",2024-12-14 09:11:04.064264,"-16.5279463","-71.482228300000003","LV",NA,0,0,0
"1.16.4-87","VP02",2024-12-14 09:11:09.46515,"-16.527958399999999","-71.482243699999998","LV",NA,0,0,0
"1.16.4-87","VP02",2024-12-14 09:11:13.615265,"-16.527954300000001","-71.482282799999993","LV",NA,0,0,0
"1.16.4-87","VP02",2024-12-14 09:11:18.365775,"-16.527940699999998","-71.482294999999993","D",NA,0,0,0
"1.16.4-87","VP02",2024-12-14 09:11:23.348284,"-16.527940900000001","-71.482289100000003","D",NA,0,0,0
"1.16.4-87","VP02",2024-12-14 09:11:26.731669,"-16.527941800000001","-71.482284500000006","D",NA,0,0,0
"1.12.1-12","VP01",2024-12-14 09:11:27.981919,"-16.5069737","-71.496019599999997","D",NA,0,0,0
"1.16.4-87","VP02",2024-12-14 09:11:34.382399,"-16.527951600000002","-71.482274099999998","D",NA,0,0,0
"1.16.4-92","VP02",2024-12-14 09:11:41.314884,"-16.527972800000001","-71.482276799999994","P","no",0,0,0
"1.16.14-1","VP02",2024-12-14 09:13:17.633476,"-16.528430100000001","-71.482190900000006","P","si",1,1,0
"1.16.4-87","VP02",2024-12-14 09:13:31.566772,"-16.528407399999999","-71.4822585","LV",NA,0,0,0
"1.16.4-87","VP02",2024-12-14 09:13:37.818343,"-16.5283692","-71.482226400000002","LV",NA,0,0,0
"1.16.4-87","VP02",2024-12-14 09:13:42.051209,"-16.5283692","-71.482226400000002","LV",NA,0,0,0
"1.16.4-87","VP02",2024-12-14 09:13:45.185657,"-16.528356899999999","-71.482206399999995","LV",NA,0,0,0
"1.16.4-87","VP02",2024-12-14 09:13:48.750255,"-16.5283531","-71.482201900000007","D",NA,0,0,0
"1.16.4-87","VP02",2024-12-14 09:13:53.235348,"-16.528348900000001","-71.482197799999994","D",NA,0,0,0
"1.16.4-87","VP02",2024-12-14 09:13:56.251108,"-16.528348900000001","-71.482197799999994","LV",NA,0,0,0
"1.12.1-51","VP01",2024-12-14 09:14:15.22707,"-16.5080049","-71.495509699999999","P","no",0,0,0
"1.5.4-11","VP04",2024-12-14 09:15:08.569693,"-16.470959400000002","-71.472992000000005","C",NA,0,0,0
"1.5.4-12","VP04",2024-12-14 09:15:15.153975,"-16.470917199999999","-71.472978100000006","C",NA,0,0,0
"1.5.4-12","VP04",2024-12-14 09:15:19.83706,"-16.470921799999999","-71.472987500000002","C",NA,0,0,0
"1.5.4-12","VP04",2024-12-14 09:15:28.153682,"-16.470924","-71.472991500000006","C",NA,0,0,0
"1.5.5-4","VP06",2024-12-14 09:15:47.878811,"-16.471198300000001","-71.480803199999997","C",NA,0,0,0
"1.5.5-4","VP06",2024-12-14 09:16:20.62283,"-16.471169199999999","-71.480850099999998","C",NA,0,0,0
"1.5.5-4","VP06",2024-12-14 09:16:53.088231,"-16.470993799999999","-71.481007599999998","P","si",1,1,0
"1.5.4-12","VP04",2024-12-14 09:16:54.014255,"-16.4709404","-71.4730177","C",NA,0,0,0
"1.5.4-12","VP04",2024-12-14 09:16:57.131645,"-16.470811999999999","-71.473344299999994","LV",NA,0,0,0
"1.5.4-11","VP04",2024-12-14 09:17:10.998676,"-16.470847299999999","-71.473368699999995","C",NA,0,0,0
"1.5.5-4","VP06",2024-12-14 09:17:33.102401,"-16.4709453","-71.481033499999995","C",NA,0,0,0
"1.12.5-69","VP07",2024-12-14 09:17:39.185778,"-16.489823900000001","-71.492603799999998","P","si",1,0,1
"1.12.5-60","VP08",2024-12-14 09:18:44.464448,"-16.4879423","-71.491173099999997","P","si",2,2,2
"1.12.5-64","VP08",2024-12-14 09:19:22.010254,"-16.4879639","-71.491135400000005","P","si",2,0,2
"1.12.5-69","VP07",2024-12-14 09:19:25.474144,"-16.489876599999999","-71.492677499999999","C",NA,0,0,0
"1.12.5-69","VP07",2024-12-14 09:19:34.941365,"-16.489884700000001","-71.492657100000002","C",NA,0,0,0
"1.16.11-7","VP03",2024-12-14 09:19:46.965981,"-16.531558799999999","-71.480169099999998","P","si",3,3,3
"1.16.4-105","VP02",2024-12-14 09:19:49.175146,"-16.528052899999999","-71.481247499999995","P","si",1,0,1
"1.5.4-11","VP04",2024-12-14 09:20:00.741486,"-16.4708799","-71.473367499999995","P","si",1,0,1
"1.5.4-11","VP04",2024-12-14 09:20:20.957279,"-16.470877900000001","-71.473372900000001","C",NA,0,0,0
"1.5.4-12","VP04",2024-12-14 09:20:26.457491,"-16.470877699999999","-71.473372999999995","C",NA,0,0,0
"1.16.4-105","VP02",2024-12-14 09:20:26.660075,"-16.5282312","-71.481294700000007","LV",NA,0,0,0
"1.16.4-105","VP02",2024-12-14 09:20:37.660023,"-16.528236100000001","-71.481290799999996","LV",NA,0,0,0
"1.12.1-51","VP01",2024-12-14 09:20:54.060222,"-16.5087498","-71.495456399999995","P","si",1,1,1
"1.16.4-105","VP02",2024-12-14 09:20:55.959577,"-16.528223799999999","-71.481296","LV",NA,0,0,0
"1.16.4-104","VP02",2024-12-14 09:21:03.126262,"-16.528220600000001","-71.481299699999994","C",NA,0,0,0
"1.16.4-104","VP02",2024-12-14 09:21:07.926519,"-16.528220300000001","-71.481298800000005","C",NA,0,0,0
"1.16.4-104","VP02",2024-12-14 09:21:13.625078,"-16.528219799999999","-71.481297900000001","C",NA,0,0,0
"1.16.4-104","VP02",2024-12-14 09:21:19.426243,"-16.5282208","-71.481298899999999","C",NA,0,0,0
"1.5.5-4","VP06",2024-12-14 09:21:24.162128,"-16.4710249","-71.480998499999998","P","si",1,0,1
"1.12.5-69","VP07",2024-12-14 09:22:27.968809,"-16.490357599999999","-71.492579899999996","C",NA,0,0,0
"1.12.5-69","VP07",2024-12-14 09:22:33.218675,"-16.490342800000001","-71.492593200000002","C",NA,0,0,0
"1.12.1-13","VP01",2024-12-14 09:22:56.86594,"-16.509612499999999","-71.494349999999997","D",NA,0,0,0
"1.16.11-7","VP03",2024-12-14 09:23:00.135965,"-16.5315884","-71.480205999999995","P","si",1,1,1
"1.12.1-49","VP01",2024-12-14 09:23:10.967501,"-16.509592000000001","-71.494380699999994","D",NA,0,0,0
"1.16.14-10","VP03",2024-12-14 09:23:12.464634,"-16.531572799999999","-71.480217400000001","P","si",2,2,2
"1.12.1-49","VP01",2024-12-14 09:23:20.331436,"-16.509504199999999","-71.494129599999994","LV",NA,0,0,0
"1.12.1-50","VP01",2024-12-14 09:23:38.973968,"-16.5094095","-71.494147100000006","LV",NA,0,0,0
"1.12.1-50","VP01",2024-12-14 09:23:49.56706,"-16.509608100000001","-71.494415700000005","D",NA,0,0,0
"1.12.5-64","VP08",2024-12-14 09:24:16.40769,"-16.487935100000001","-71.491154699999996","P","si",1,0,1
"1.12.5-64","VP08",2024-12-14 09:24:27.716252,"-16.487917899999999","-71.491128799999998","C",NA,0,0,0
"1.12.5-64","VP08",2024-12-14 09:24:33.586066,"-16.487917700000001","-71.491131100000004","C",NA,0,0,0
"1.5.5-4","VP06",2024-12-14 09:24:47.494162,"-16.471418400000001","-71.480623499999993","C",NA,0,0,0
"1.16.4-105","VP02",2024-12-14 09:25:13.764834,"-16.528026400000002","-71.480784299999996","C",NA,0,0,0
"1.5.5-9","VP06",2024-12-14 09:25:18.912638,"-16.471447900000001","-71.4805408","LV",NA,0,0,0
"1.16.4-105","VP02",2024-12-14 09:25:21.9317,"-16.528053400000001","-71.480777099999997","LV",NA,0,0,0
"1.16.4-105","VP02",2024-12-14 09:25:29.899726,"-16.5280083","-71.480802199999999","D",NA,0,0,0
"1.16.4-104","VP02",2024-12-14 09:25:36.64864,"-16.528018500000002","-71.480814100000003","C",NA,0,0,0
"1.16.4-104","VP02",2024-12-14 09:25:42.899086,"-16.528019","-71.480822900000007","C",NA,0,0,0
"1.5.5-4","VP06",2024-12-14 09:25:43.208345,"-16.471545899999999","-71.480440599999994","D",NA,0,0,0
"1.16.4-104","VP02",2024-12-14 09:25:48.71533,"-16.5280199","-71.480828200000005","LV",NA,0,0,0
"1.16.4-104","VP02",2024-12-14 09:25:58.497829,"-16.528012","-71.480828399999993","C",NA,0,0,0
"1.5.5-4","VP06",2024-12-14 09:26:01.540654,"-16.471571099999998","-71.480395999999999","D",NA,0,0,0
"1.5.4-11","VP04",2024-12-14 09:26:17.397668,"-16.470875100000001","-71.473384699999997","P","si",1,0,0
"1.5.5-4","VP06",2024-12-14 09:26:25.795017,"-16.471703999999999","-71.480312299999994","P","no",0,0,0
"1.5.5-4","VP06",2024-12-14 09:26:47.09257,"-16.471748399999999","-71.480265299999999","LP",NA,0,0,0
"1.12.1-49","VP01",2024-12-14 09:27:02.409593,"-16.5096056","-71.494398099999998","P","si",3,3,1
"1.5.5-4","VP06",2024-12-14 09:27:08.546928,"-16.471806900000001","-71.4801626","C",NA,0,0,0
"1.5.5-4","VP06",2024-12-14 09:27:55.033158,"-16.471965999999998","-71.480173699999995","P","si",1,0,1
"1.16.4-104","VP02",2024-12-14 09:27:59.986266,"-16.528025199999998","-71.480594300000007","P","si",2,2,0
"1.16.4-105","VP02",2024-12-14 09:28:14.603391,"-16.528033499999999","-71.480610900000002","C",NA,0,0,0
"1.16.14-11","VP03",2024-12-14 09:28:17.508077,"-16.531250700000001","-71.481838800000006","P","si",2,1,1
"1.16.4-105","VP02",2024-12-14 09:28:22.468593,"-16.528029499999999","-71.480609400000006","C",NA,0,0,0
"1.16.4-104","VP02",2024-12-14 09:28:29.336249,"-16.5280247","-71.480606899999998","LV",NA,0,0,0
"1.16.4-105","VP02",2024-12-14 09:28:41.636294,"-16.527891499999999","-71.480507599999996","LV",NA,0,0,0
"1.16.4-104","VP02",2024-12-14 09:28:47.270762,"-16.5279034","-71.480517899999995","LV",NA,0,0,0
"1.12.5-69","VP07",2024-12-14 09:30:45.165612,"-16.490264100000001","-71.492579599999999","P","si",5,2,3
"1.12.1-49","VP01",2024-12-14 09:31:30.135265,"-16.509632400000001","-71.494434100000007","P","si",1,1,1
"1.5.4-11","VP04",2024-12-14 09:31:36.798303,"-16.470672799999999","-71.473728199999996","C",NA,0,0,0
"1.5.4-11","VP04",2024-12-14 09:31:40.749205,"-16.4706212","-71.474229100000002","P","si",2,0,2
"1.5.4-12","VP04",2024-12-14 09:31:49.199699,"-16.470655600000001","-71.474231700000004","C",NA,0,0,0
"1.5.4-12","VP04",2024-12-14 09:31:55.999386,"-16.470652399999999","-71.474235100000001","LV",NA,0,0,0
"1.5.4-11","VP04",2024-12-14 09:32:05.686521,"-16.470648300000001","-71.474227600000006","C",NA,0,0,0
"1.12.5-69","VP07",2024-12-14 09:32:16.659378,"-16.490311699999999","-71.492679199999998","P","si",1,0,1
"1.12.5-64","VP08",2024-12-14 09:32:54.877771,"-16.4876346","-71.491129400000005","P","si",1,1,0
"1.5.5-4","VP06",2024-12-14 09:34:29.235144,"-16.4720385","-71.480010800000002","P","si",1,0,1
"1.5.5-4","VP06",2024-12-14 09:34:57.124635,"-16.472070500000001","-71.479931800000003","D",NA,0,0,0
"1.5.5-4","VP06",2024-12-14 09:35:19.628558,"-16.4721023","-71.479845400000002","P","si",1,1,0
"1.5.5-4","VP06",2024-12-14 09:35:53.302923,"-16.472179799999999","-71.479801399999999","C",NA,0,0,0
"1.5.5-4","VP06",2024-12-14 09:36:06.623027,"-16.4722106","-71.479770200000004","C",NA,0,0,0
"1.5.5-4","VP06",2024-12-14 09:36:19.290194,"-16.472248199999999","-71.479664600000007","C",NA,0,0,0
"1.5.5-4","VP06",2024-12-14 09:36:44.652128,"-16.472327400000001","-71.479614100000006","P","si",1,1,0
"1.5.5-4","VP06",2024-12-14 09:37:11.114961,"-16.472321099999998","-71.479570300000006","C",NA,0,0,0
"1.12.5-36","VP08",2024-12-14 09:37:20.484755,"-16.487355399999998","-71.491127800000001","P","si",1,1,0
"1.5.5-4","VP06",2024-12-14 09:37:31.749786,"-16.472357899999999","-71.479495499999999","C",NA,0,0,0
"1.12.5-36","VP08",2024-12-14 09:37:34.969531,"-16.4872193","-71.491129799999996","C",NA,0,0,0
"1.12.5-36","VP08",2024-12-14 09:37:41.423221,"-16.487195199999999","-71.491126199999997","D",NA,0,0,0
"1.16.11-4","VP03",2024-12-14 09:37:45.494373,"-16.531458600000001","-71.480039500000004","LV",NA,0,0,0
"1.12.5-36","VP08",2024-12-14 09:37:48.408332,"-16.487139800000001","-71.491102600000005","LV",NA,0,0,0
"1.16.11-5","VP03",2024-12-14 09:37:54.149862,"-16.531522899999999","-71.480077399999999","LV",NA,0,0,0
"1.12.1-13","VP01",2024-12-14 09:37:56.444849,"-16.509789999999999","-71.494452800000005","LV",NA,0,0,0
"1.5.5-4","VP06",2024-12-14 09:38:03.108932,"-16.472470000000001","-71.479408899999996","P","si",2,2,0
"1.12.5-36","VP08",2024-12-14 09:38:04.873201,"-16.487013000000001","-71.4911247","C",NA,0,0,0
"1.16.11-7","VP03",2024-12-14 09:38:07.005669,"-16.531492799999999","-71.480095000000006","P","si",11,1,1
"1.12.1-13","VP01",2024-12-14 09:38:07.204068,"-16.5096466","-71.494449099999997","P","si",2,1,0
"1.12.5-36","VP08",2024-12-14 09:38:14.83537,"-16.486956500000002","-71.491129099999995","LV",NA,0,0,0
"1.16.14-7","VP03",2024-12-14 09:38:28.749519,"-16.531705299999999","-71.480201500000007","C",NA,0,0,0
"1.5.4-11","VP04",2024-12-14 09:38:30.363451,"-16.470633500000002","-71.474354700000006","P","si",3,0,3
"1.5.5-4","VP06",2024-12-14 09:38:31.671388,"-16.472500199999999","-71.479315","C",NA,0,0,0
"1.12.1-41","VP01",2024-12-14 09:38:36.321877,"-16.5101479","-71.493724599999993","C",NA,0,0,0
"1.5.5-4","VP06",2024-12-14 09:38:43.612063,"-16.472531700000001","-71.479226400000002","C",NA,0,0,0
"1.5.4-12","VP04",2024-12-14 09:38:48.196097,"-16.470648400000002","-71.474252300000003","DOG_ANOTHER_AREA",NA,1,0,1
"1.12.1-49","VP01",2024-12-14 09:38:50.390623,"-16.509695900000001","-71.494494799999998","C",NA,0,0,0
"1.12.5-36","VP08",2024-12-14 09:39:09.608115,"-16.486426699999999","-71.491182499999994","LV",NA,0,0,0
"1.5.5-4","VP06",2024-12-14 09:39:12.261378,"-16.472660600000001","-71.479121800000001","P","no",0,0,0
"1.12.5-36","VP08",2024-12-14 09:39:16.95827,"-16.486358599999999","-71.491168999999999","C",NA,0,0,0
"1.12.5-64","VP08",2024-12-14 09:39:28.951215,"-16.4862413","-71.491142800000006","P","si",1,0,1
"1.5.5-4","VP06",2024-12-14 09:39:36.111123,"-16.472731100000001","-71.479042199999995","C",NA,0,0,0
"1.5.5-4","VP06",2024-12-14 09:39:55.313232,"-16.4727955","-71.478936700000006","P","si",3,3,0
"1.16.4-103","VP02",2024-12-14 09:39:56.334096,"-16.527753100000002","-71.480377200000007","P","si",2,2,0
"1.5.5-4","VP06",2024-12-14 09:40:23.544285,"-16.4728183","-71.478913300000002","C",NA,0,0,0
"1.5.5-4","VP06",2024-12-14 09:40:45.713013,"-16.472890400000001","-71.478814600000007","LV",NA,0,0,0
"1.12.1-41","VP01",2024-12-14 09:40:47.38396,"-16.5101464","-71.4936802","P","si",2,2,0
"1.16.11-7","VP03",2024-12-14 09:40:58.72426,"-16.5313272","-71.4800848","P","si",1,1,1
"1.5.5-4","VP06",2024-12-14 09:41:05.541479,"-16.472963199999999","-71.478757700000003","C",NA,0,0,0
"1.5.4-12","VP04",2024-12-14 09:41:12.439963,"-16.470654400000001","-71.474260900000004","P","no",0,0,0
"1.5.4-12","VP04",2024-12-14 09:41:21.824703,"-16.470556699999999","-71.474885999999998","C",NA,0,0,0
"1.5.5-4","VP06",2024-12-14 09:41:30.756938,"-16.4730402","-71.478648699999994","C",NA,0,0,0
"1.5.5-4","VP06",2024-12-14 09:41:44.21101,"-16.473115400000001","-71.478563199999996","C",NA,0,0,0
"1.5.5-4","VP06",2024-12-14 09:41:56.874695,"-16.4731223","-71.478532900000005","LP",NA,0,0,0
"1.5.4-11","VP04",2024-12-14 09:41:58.007522,"-16.470535999999999","-71.474901399999993","P","no",0,0,0
"1.12.1-23","VP01",2024-12-14 09:42:09.270231,"-16.510793","-71.493498299999999","P","no",0,0,0
"1.5.5-4","VP06",2024-12-14 09:42:12.093001,"-16.473221800000001","-71.478465799999995","C",NA,0,0,0
"1.5.5-4","VP06",2024-12-14 09:42:35.134034,"-16.473276299999998","-71.478450100000003","P","no",0,0,0
"1.12.1-23","VP01",2024-12-14 09:43:10.735836,"-16.510801399999998","-71.493472199999999","P","no",0,0,0
"1.12.1-23","VP01",2024-12-14 09:43:24.87142,"-16.510767699999999","-71.493525099999999","P","si",2,2,0
"1.16.11-9","VP03",2024-12-14 09:44:54.264247,"-16.531839300000001","-71.478370799999993","P","si",2,2,0
"1.16.4-80","VP02",2024-12-14 09:45:01.351299,"-16.527236899999998","-71.480673899999999","C",NA,0,0,0
"1.16.14-12","VP03",2024-12-14 09:45:08.982546,"-16.531848799999999","-71.478371300000006","C",NA,0,0,0
"1.16.4-80","VP02",2024-12-14 09:45:16.983556,"-16.527191599999998","-71.480599900000001","C",NA,0,0,0
"1.16.11-11","VP03",2024-12-14 09:45:17.987484,"-16.531836299999998","-71.478367399999996","C",NA,0,0,0
"1.16.11-13","VP03",2024-12-14 09:45:23.392326,"-16.531851499999998","-71.478373300000001","P","si",3,3,0
"1.16.4-80","VP02",2024-12-14 09:45:27.684482,"-16.527182400000001","-71.480590800000002","C",NA,0,0,0
"1.16.4-80","VP02",2024-12-14 09:45:35.516081,"-16.527183900000001","-71.480589899999998","C",NA,0,0,0
"1.16.4-75","VP02",2024-12-14 09:45:40.999946,"-16.527177900000002","-71.480590899999996","C",NA,0,0,0
"1.16.4-75","VP02",2024-12-14 09:45:52.766603,"-16.527170300000002","-71.480585099999999","C",NA,0,0,0
"1.16.4-75","VP02",2024-12-14 09:45:59.017109,"-16.527162300000001","-71.480583300000006","C",NA,0,0,0
"1.16.4-75","VP02",2024-12-14 09:46:05.373392,"-16.527162000000001","-71.4805803","C",NA,0,0,0
"1.16.4-80","VP02",2024-12-14 09:46:15.966574,"-16.5271562","-71.480575700000003","D",NA,0,0,0
"1.5.5-2","VP06",2024-12-14 09:46:32.116609,"-16.473306999999998","-71.4783501","P","si",2,0,2
"1.5.4-11","VP04",2024-12-14 09:47:14.881615,"-16.470562999999999","-71.4748594","P","no",0,0,0
"1.5.4-12","VP04",2024-12-14 09:47:18.682782,"-16.4700028","-71.476250800000003","D",NA,0,0,0
"1.5.4-11","VP04",2024-12-14 09:47:21.732912,"-16.470241000000001","-71.476178899999994","C",NA,0,0,0
"1.5.4-11","VP04",2024-12-14 09:47:26.000114,"-16.470245599999998","-71.476217800000001","C",NA,0,0,0
"1.12.5-71","VP07",2024-12-14 09:48:12.735877,"-16.490910100000001","-71.492349300000001","P","si",1,0,1
"1.5.5-2","VP06",2024-12-14 09:48:32.715309,"-16.473417000000001","-71.478218299999995","LV",NA,0,0,0
"1.5.5-4","VP06",2024-12-14 09:49:11.597394,"-16.4735418","-71.478191699999996","C",NA,0,0,0
"1.5.5-2","VP06",2024-12-14 09:49:39.951279,"-16.473629800000001","-71.478091199999994","C",NA,0,0,0
"1.5.5-2","VP06",2024-12-14 09:49:56.52293,"-16.473661799999999","-71.478052599999998","P","si",3,0,3
"1.5.5-2","VP06",2024-12-14 09:50:27.192322,"-16.473779199999999","-71.478017300000005","C",NA,0,0,0
"1.5.4-11","VP04",2024-12-14 09:50:34.247835,"-16.4700825","-71.476530499999996","P","si",1,0,1
"1.5.4-12","VP04",2024-12-14 09:50:42.815777,"-16.470190800000001","-71.476521399999996","C",NA,0,0,0
"1.5.5-2","VP06",2024-12-14 09:50:44.359237,"-16.473817700000001","-71.477962000000005","C",NA,0,0,0
"1.12.1-23","VP01",2024-12-14 09:50:44.734577,"-16.5107885","-71.493516499999998","P","si",2,2,0
"1.5.5-2","VP06",2024-12-14 09:51:01.720197,"-16.4738772","-71.477910899999998","C",NA,0,0,0
"1.16.4-80","VP02",2024-12-14 09:51:14.317709,"-16.527010000000001","-71.480623199999997","LV",NA,0,0,0
"1.12.5-35","VP08",2024-12-14 09:51:21.720408,"-16.486167099999999","-71.490026200000003","P","si",1,0,1
"1.5.5-4","VP06",2024-12-14 09:51:24.685042,"-16.473954500000001","-71.477857099999994","P","si",1,1,0
"1.12.5-35","VP08",2024-12-14 09:51:33.52789,"-16.4861754","-71.490024300000002","P","si",2,0,2
"1.16.4-80","VP02",2024-12-14 09:51:35.118437,"-16.526966600000002","-71.480673699999997","LV",NA,0,0,0
"1.16.4-75","VP02",2024-12-14 09:51:39.152012,"-16.526966600000002","-71.480673699999997","LV",NA,0,0,0
"1.16.4-75","VP02",2024-12-14 09:51:42.568158,"-16.526966699999999","-71.480668100000003","D",NA,0,0,0
"1.12.5-34","VP08",2024-12-14 09:51:45.669989,"-16.486172100000001","-71.490023300000004","P","si",1,1,1
"1.16.4-75","VP02",2024-12-14 09:51:47.618327,"-16.5269659","-71.480669000000006","C",NA,0,0,0
"1.5.4-11","VP04",2024-12-14 09:51:49.632203,"-16.470180599999999","-71.476564400000001","LV",NA,0,0,0
"1.16.4-75","VP02",2024-12-14 09:52:26.842945,"-16.526956599999998","-71.480658000000005","P","no",0,0,0
"1.5.4-12","VP04",2024-12-14 09:53:06.373802,"-16.470222799999998","-71.476826000000003","C",NA,0,0,0
"1.5.4-11","VP04",2024-12-14 09:53:10.090146,"-16.470265000000001","-71.476872400000005","LV",NA,0,0,0
"1.16.11-14","VP03",2024-12-14 09:53:50.66876,"-16.531948","-71.477158000000003","P","si",3,3,3
"1.16.4-80","VP02",2024-12-14 09:54:02.333462,"-16.526831399999999","-71.480673899999999","P","si",1,1,0
"1.12.1-40","VP01",2024-12-14 09:54:07.524773,"-16.5107675","-71.493474699999993","D",NA,0,0,0
"1.16.4-80","VP02",2024-12-14 09:54:21.067538,"-16.526836500000002","-71.480683999999997","P","no",0,0,0
"1.12.1-40","VP01",2024-12-14 09:54:22.775878,"-16.510759100000001","-71.493460099999993","D",NA,0,0,0
"1.5.4-11","VP04",2024-12-14 09:55:27.242866,"-16.4699952","-71.477184600000001","C",NA,0,0,0
"1.16.4-80","VP02",2024-12-14 09:55:48.181434,"-16.526646100000001","-71.480745600000006","C",NA,0,0,0
"1.16.4-75","VP02",2024-12-14 09:56:04.532112,"-16.526565099999999","-71.480776800000001","C",NA,0,0,0
"1.12.5-71","VP07",2024-12-14 09:56:36.629927,"-16.4897414","-71.493887900000004","C",NA,0,0,0
"1.5.5-2","VP06",2024-12-14 09:56:38.41173,"-16.4738358","-71.478011600000002","P","si",1,0,1
"1.12.5-71","VP07",2024-12-14 09:56:45.496424,"-16.489784400000001","-71.494000400000004","C",NA,0,0,0
"1.12.5-71","VP07",2024-12-14 09:56:51.462983,"-16.489783500000001","-71.494010900000006","C",NA,0,0,0
"1.12.5-71","VP07",2024-12-14 09:57:12.579537,"-16.4898223","-71.493938999999997","C",NA,0,0,0
"1.12.5-71","VP07",2024-12-14 09:57:16.263073,"-16.4898223","-71.493938999999997","C",NA,0,0,0
"1.12.5-73","VP07",2024-12-14 09:57:21.513134,"-16.489824800000001","-71.493940600000002","C",NA,0,0,0
"1.12.5-73","VP07",2024-12-14 09:57:28.44647,"-16.4898232","-71.493946899999997","C",NA,0,0,0
"1.12.5-73","VP07",2024-12-14 09:57:33.829685,"-16.4898211","-71.493949799999996","C",NA,0,0,0
"1.12.5-35","VP08",2024-12-14 09:57:36.95791,"-16.486123899999999","-71.489803899999998","P","si",4,4,0
"1.12.5-73","VP07",2024-12-14 09:57:41.761832,"-16.489820099999999","-71.493951100000004","C",NA,0,0,0
"1.12.1-38","VP01",2024-12-14 09:58:13.920735,"-16.5118106","-71.492972800000004","P","si",1,1,0
"1.5.4-12","VP04",2024-12-14 09:58:41.261954,"-16.470446200000001","-71.477614700000004","C",NA,0,0,0
"1.5.4-11","VP04",2024-12-14 09:58:46.595972,"-16.469870199999999","-71.477663500000006","C",NA,0,0,0
"1.12.1-23","VP01",2024-12-14 09:59:22.882254,"-16.5118239","-71.492887699999997","LV",NA,0,0,0
"1.12.5-71","VP07",2024-12-14 09:59:36.62632,"-16.489513800000001","-71.493943999999999","C",NA,0,0,0
"1.12.5-73","VP07",2024-12-14 09:59:40.659456,"-16.489513800000001","-71.493943999999999","C",NA,0,0,0
"1.12.1-23","VP01",2024-12-14 09:59:40.944058,"-16.5109423","-71.493320600000004","LV",NA,0,0,0
"1.12.5-73","VP07",2024-12-14 09:59:45.125823,"-16.489470600000001","-71.4939246","C",NA,0,0,0
"1.12.5-71","VP07",2024-12-14 09:59:49.359577,"-16.489423200000001","-71.493931900000007","C",NA,0,0,0
"1.5.4-12","VP04",2024-12-14 09:59:59.068304,"-16.4703287","-71.482091100000005","P","si",1,1,0
"1.12.1-38","VP01",2024-12-14 10:00:17.311579,"-16.511937400000001","-71.492796900000002","P","no",0,0,0
"1.16.4-79","VP02",2024-12-14 10:00:31.962608,"-16.5261067","-71.480858400000002","D",NA,0,0,0
"1.16.4-79","VP02",2024-12-14 10:00:45.596482,"-16.526061299999999","-71.480848600000002","D",NA,0,0,0
"1.12.5-71","VP07",2024-12-14 10:00:46.441968,"-16.489394799999999","-71.493850300000005","P","si",2,2,0
"1.5.5-2","VP06",2024-12-14 10:00:47.282512,"-16.474148499999998","-71.477777900000007","P","si",2,2,0
"1.16.4-76","VP02",2024-12-14 10:00:52.962391,"-16.526057900000001","-71.480878300000001","P","si",4,4,0
"1.5.5-2","VP06",2024-12-14 10:01:13.265866,"-16.474125600000001","-71.477635899999996","D",NA,0,0,0
"1.5.5-4","VP06",2024-12-14 10:01:28.985619,"-16.474157000000002","-71.477571400000002","D",NA,0,0,0
"1.5.5-4","VP06",2024-12-14 10:01:50.405465,"-16.474208600000001","-71.477504499999995","P","si",1,1,0
"1.5.5-4","VP06",2024-12-14 10:02:10.989125,"-16.474240500000001","-71.477452499999998","C",NA,0,0,0
"1.12.5-71","VP07",2024-12-14 10:02:25.610387,"-16.489416800000001","-71.493555299999997","C",NA,0,0,0
"1.5.5-2","VP06",2024-12-14 10:02:47.059684,"-16.474375500000001","-71.477415899999997","LV",NA,0,0,0
"1.5.5-4","VP06",2024-12-14 10:03:08.773962,"-16.4744332","-71.477333700000003","C",NA,0,0,0
"1.5.4-12","VP04",2024-12-14 10:03:11.101528,"-16.4695371","-71.477919900000003","P","si",2,2,0
"1.5.5-2","VP06",2024-12-14 10:03:20.79978,"-16.474484799999999","-71.477228199999999","C",NA,0,0,0
"1.12.5-70","VP07",2024-12-14 10:03:22.549198,"-16.489381000000002","-71.493565799999999","C",NA,0,0,0
"1.16.14-26","VP03",2024-12-14 10:03:27.6762,"-16.5324901","-71.474824499999997","P","si",4,4,4
"1.12.5-70","VP07",2024-12-14 10:03:28.864322,"-16.489387000000001","-71.493568400000001","C",NA,0,0,0
"1.5.4-13","VP04",2024-12-14 10:03:29.144932,"-16.469092199999999","-71.478366899999997","LV",NA,0,0,0
"1.5.5-4","VP06",2024-12-14 10:03:37.013853,"-16.474559899999999","-71.477133199999997","C",NA,0,0,0
"1.16.14-15","VP03",2024-12-14 10:03:42.829273,"-16.5324922","-71.474862099999996","C",NA,0,0,0
"1.5.5-4","VP06",2024-12-14 10:03:49.234427,"-16.4746132","-71.477080999999998","C",NA,0,0,0
"1.16.11-15","VP03",2024-12-14 10:03:49.788176,"-16.5324943","-71.474823799999996","LV",NA,0,0,0
"1.5.4-17","VP04",2024-12-14 10:03:51.577333,"-16.469030199999999","-71.478332300000005","LV",NA,0,0,0
"1.16.11-17","VP03",2024-12-14 10:03:57.071673,"-16.5324937","-71.474848800000004","D",NA,0,0,0
"1.16.14-29","VP03",2024-12-14 10:04:02.150547,"-16.5324922","-71.4748582","D",NA,0,0,0
"1.16.14-28","VP03",2024-12-14 10:04:06.803306,"-16.5324934","-71.474855500000004","D",NA,0,0,0
"1.16.14-27","VP03",2024-12-14 10:04:11.00505,"-16.532495399999998","-71.474852999999996","D",NA,0,0,0
"1.16.14-14","VP03",2024-12-14 10:04:16.952897,"-16.5324989","-71.474848499999993","D",NA,0,0,0
"1.16.14-16","VP03",2024-12-14 10:04:22.933687,"-16.5324998","-71.474846400000004","C",NA,0,0,0
"1.5.5-2","VP06",2024-12-14 10:04:24.20492,"-16.474715799999998","-71.476913800000005","P","no",0,0,0
"1.5.5-2","VP06",2024-12-14 10:04:37.280588,"-16.4747725","-71.476866700000002","C",NA,0,0,0
"1.16.14-20","VP03",2024-12-14 10:04:43.683854,"-16.532497299999999","-71.474854800000003","D",NA,0,0,0
"1.16.14-21","VP03",2024-12-14 10:04:48.603639,"-16.532497100000001","-71.474857499999999","D",NA,0,0,0
"1.5.5-4","VP06",2024-12-14 10:04:52.885442,"-16.474853299999999","-71.476788799999994","LV",NA,0,0,0
"1.16.14-22","VP03",2024-12-14 10:04:54.768356,"-16.532497899999999","-71.474861000000004","D",NA,0,0,0
"1.16.14-22","VP03",2024-12-14 10:04:58.660875,"-16.532497899999999","-71.474861000000004","D",NA,0,0,0
"1.16.14-23","VP03",2024-12-14 10:05:02.670826,"-16.532496299999998","-71.474861300000001","D",NA,0,0,0
"1.5.5-4","VP06",2024-12-14 10:05:05.564586,"-16.474883500000001","-71.476687200000001","C",NA,0,0,0
"1.16.14-23","VP03",2024-12-14 10:05:06.488127,"-16.532495300000001","-71.474864100000005","D",NA,0,0,0
"1.16.14-24","VP03",2024-12-14 10:05:12.519082,"-16.5324958","-71.474863200000001","D",NA,0,0,0
"1.16.14-25","VP03",2024-12-14 10:05:16.971865,"-16.532495000000001","-71.474869200000001","D",NA,0,0,0
"1.5.5-4","VP06",2024-12-14 10:05:24.750704,"-16.4750038","-71.476610500000007","C",NA,0,0,0
"1.5.5-4","VP06",2024-12-14 10:05:39.356432,"-16.475027099999998","-71.476558400000002","C",NA,0,0,0
"1.5.4-14","VP04",2024-12-14 10:05:49.450941,"-16.469041000000001","-71.478343300000006","P","si",2,2,0
"1.16.4-76","VP02",2024-12-14 10:05:55.879662,"-16.526119900000001","-71.480758600000001","DOG_ANOTHER_AREA",NA,1,0,1
"1.5.5-4","VP06",2024-12-14 10:06:03.632761,"-16.475045000000001","-71.476523299999997","C",NA,0,0,0
"1.12.5-32","VP08",2024-12-14 10:06:03.634815,"-16.485940299999999","-71.489792199999997","P","si",1,0,1
"1.12.1-37","VP01",2024-12-14 10:06:10.54075,"-16.514477400000001","-71.4908334","D",NA,0,0,0
"1.5.5-4","VP06",2024-12-14 10:06:15.722468,"-16.475066399999999","-71.476427099999995","C",NA,0,0,0
"1.12.1-37","VP01",2024-12-14 10:06:19.785025,"-16.514268000000001","-71.491066599999996","D",NA,0,0,0
"1.12.5-33","VP08",2024-12-14 10:06:26.051672,"-16.4859489","-71.489748300000002","P","si",2,0,2
"1.5.5-4","VP06",2024-12-14 10:06:33.741808,"-16.4751124","-71.4763892","C",NA,0,0,0
"1.12.1-37","VP01",2024-12-14 10:06:45.729266,"-16.5142816","-71.491074400000002","P","si",1,1,0
"1.5.5-4","VP06",2024-12-14 10:06:49.641611,"-16.4751619","-71.476279300000002","C",NA,0,0,0
"1.12.1-34","VP01",2024-12-14 10:07:15.893962,"-16.514603600000001","-71.490766600000001","LV",NA,0,0,0
"1.5.5-4","VP06",2024-12-14 10:07:20.589659,"-16.475175","-71.476236700000001","P","si",2,2,0
"1.12.1-34","VP01",2024-12-14 10:07:34.587064,"-16.511784299999999","-71.493008799999998","LV",NA,0,0,0
"1.5.4-14","VP04",2024-12-14 10:07:37.03376,"-16.468870500000001","-71.478841599999996","C",NA,0,0,0
"1.5.4-14","VP04",2024-12-14 10:07:41.899346,"-16.468870599999999","-71.478841700000004","C",NA,0,0,0
"1.5.4-14","VP04",2024-12-14 10:07:46.232854,"-16.468858699999998","-71.478824700000004","LV",NA,0,0,0
"1.5.5-2","VP06",2024-12-14 10:07:55.479327,"-16.475212299999999","-71.476115500000006","C",NA,0,0,0
"1.5.5-4","VP06",2024-12-14 10:08:10.066341,"-16.475262499999999","-71.476115500000006","C",NA,0,0,0
"1.12.5-73","VP07",2024-12-14 10:08:16.931791,"-16.489466400000001","-71.4946968","C",NA,0,0,0
"1.12.5-73","VP07",2024-12-14 10:08:21.248045,"-16.4894158","-71.494729899999996","C",NA,0,0,0
"1.5.4-14","VP04",2024-12-14 10:08:23.743603,"-16.468836599999999","-71.478823500000004","P","si",2,2,0
"1.12.5-73","VP07",2024-12-14 10:08:25.481532,"-16.489392899999999","-71.494741599999998","C",NA,0,0,0
"1.12.1-23","VP01",2024-12-14 10:08:45.994268,"-16.5120024","-71.492395599999995","LV",NA,0,0,0
"1.12.5-72","VP07",2024-12-14 10:08:52.282215,"-16.489401699999998","-71.494744400000002","C",NA,0,0,0
"1.12.5-72","VP07",2024-12-14 10:08:55.864426,"-16.489390100000001","-71.494751399999998","C",NA,0,0,0
"1.12.5-72","VP07",2024-12-14 10:09:00.031499,"-16.489390799999999","-71.494748400000006","C",NA,0,0,0
"1.12.1-38","VP01",2024-12-14 10:09:13.866106,"-16.511829500000001","-71.492791400000002","C",NA,0,0,0
"1.12.1-34","VP01",2024-12-14 10:09:44.00141,"-16.514232","-71.491092699999996","D",NA,0,0,0
"1.5.4-14","VP04",2024-12-14 10:10:53.295351,"-16.4686582","-71.480482899999998","C",NA,0,0,0
"1.16.4-79","VP02",2024-12-14 10:10:56.935442,"-16.5264369","-71.480961199999996","P","si",1,0,1
"1.5.4-16","VP04",2024-12-14 10:10:57.562868,"-16.468656500000002","-71.480479799999998","C",NA,0,0,0
"1.12.1-38","VP01",2024-12-14 10:11:02.857541,"-16.511982700000001","-71.492390099999994","D",NA,0,0,0
"1.5.1-6","VP06",2024-12-14 10:12:53.481598,"-16.4754842","-71.475963800000002","C",NA,0,0,0
"1.5.4-16","VP04",2024-12-14 10:13:19.137354,"-16.469129599999999","-71.479696700000005","C",NA,0,0,0
"1.5.4-16","VP04",2024-12-14 10:13:24.470731,"-16.469129200000001","-71.479696399999995","C",NA,0,0,0
"1.16.14-26","VP03",2024-12-14 10:13:36.91617,"-16.532904299999998","-71.474858400000002","P","si",3,3,3
"1.5.1-6","VP06",2024-12-14 10:13:43.634182,"-16.475755599999999","-71.475837200000001","C",NA,0,0,0
"1.5.1-6","VP06",2024-12-14 10:14:12.725365,"-16.475934500000001","-71.475725100000005","C",NA,0,0,0
"1.5.1-6","VP06",2024-12-14 10:14:33.259219,"-16.476051699999999","-71.475646299999994","C",NA,0,0,0
"1.5.1-6","VP06",2024-12-14 10:14:53.149871,"-16.4760949","-71.475591499999993","C",NA,0,0,0
"1.12.5-33","VP08",2024-12-14 10:15:11.779233,"-16.486188800000001","-71.4895444","P","si",2,0,1
"1.5.1-6","VP06",2024-12-14 10:15:14.749752,"-16.4761579","-71.4755289","C",NA,0,0,0
"1.5.1-6","VP06",2024-12-14 10:15:30.916333,"-16.4762442","-71.475425299999998","C",NA,0,0,0
"1.5.1-6","VP06",2024-12-14 10:15:50.149518,"-16.476290200000001","-71.475386099999994","P","si",1,1,0
"1.5.1-6","VP06",2024-12-14 10:16:16.861551,"-16.4763664","-71.475338600000001","C",NA,0,0,0
"1.5.1-6","VP06",2024-12-14 10:16:36.373644,"-16.4763567","-71.475275499999995","P","no",0,0,0
"1.12.5-33","VP08",2024-12-14 10:16:42.564561,"-16.486187999999999","-71.489397499999995","C",NA,0,0,0
"1.12.5-33","VP08",2024-12-14 10:16:50.030826,"-16.486219999999999","-71.489340499999997","C",NA,0,0,0
"1.5.1-6","VP06",2024-12-14 10:16:52.981001,"-16.476405700000001","-71.475183000000001","C",NA,0,0,0
"1.12.5-34","VP08",2024-12-14 10:16:56.269,"-16.486213599999999","-71.489345599999993","C",NA,0,0,0
"1.12.5-34","VP08",2024-12-14 10:17:01.292713,"-16.486210199999999","-71.4893505","C",NA,0,0,0
"1.5.1-6","VP06",2024-12-14 10:17:05.924495,"-16.476455999999999","-71.4751732","C",NA,0,0,0
"1.12.5-34","VP08",2024-12-14 10:17:06.565149,"-16.4862106","-71.489351600000006","C",NA,0,0,0
"1.12.5-33","VP08",2024-12-14 10:17:12.486886,"-16.486209800000001","-71.489351900000003","P","si",1,0,1
"1.5.1-6","VP06",2024-12-14 10:17:21.283646,"-16.4764999","-71.475115700000003","C",NA,0,0,0
"1.12.1-37","VP01",2024-12-14 10:17:26.326415,"-16.514344000000001","-71.490990300000007","LV",NA,0,0,0
"1.12.1-37","VP01",2024-12-14 10:17:34.893458,"-16.514598599999999","-71.490769499999999","LV",NA,0,0,0
"1.5.1-6","VP06",2024-12-14 10:17:41.636132,"-16.476542599999998","-71.475045399999999","C",NA,0,0,0
"1.5.1-6","VP06",2024-12-14 10:18:00.360212,"-16.476679600000001","-71.474989399999998","C",NA,0,0,0
"1.12.1-34","VP01",2024-12-14 10:18:12.42466,"-16.514530799999999","-71.490862800000002","R",NA,0,0,0
"1.5.1-6","VP06",2024-12-14 10:18:24.264069,"-16.4767163","-71.474927399999999","C",NA,0,0,0
"1.5.1-6","VP06",2024-12-14 10:18:37.965501,"-16.476733400000001","-71.474913200000003","P","no",0,0,0
"1.12.5-32","VP08",2024-12-14 10:18:53.073149,"-16.486114199999999","-71.489215000000002","C",NA,0,0,0
"1.5.1-6","VP06",2024-12-14 10:18:54.481936,"-16.476747799999998","-71.474840799999996","P","si",1,1,0
"1.16.4-76","VP02",2024-12-14 10:18:55.318733,"-16.525711399999999","-71.4810236","LV",NA,0,0,0
"1.12.5-32","VP08",2024-12-14 10:18:58.627913,"-16.486088500000001","-71.489219599999998","LV",NA,0,0,0
"1.16.4-76","VP02",2024-12-14 10:19:02.418889,"-16.5257577","-71.480949300000006","LV",NA,0,0,0
"1.12.5-33","VP08",2024-12-14 10:19:02.884486,"-16.486058199999999","-71.489237700000004","LV",NA,0,0,0
"1.12.5-33","VP08",2024-12-14 10:19:07.492614,"-16.4860556","-71.489238799999995","D",NA,0,0,0
"1.16.4-79","VP02",2024-12-14 10:19:08.03536,"-16.525753399999999","-71.480956899999995","C",NA,0,0,0
"1.12.5-34","VP08",2024-12-14 10:19:11.735005,"-16.486052000000001","-71.489239299999994","C",NA,0,0,0
"1.12.5-35","VP08",2024-12-14 10:19:16.341618,"-16.486054500000002","-71.489236399999996","P","no",0,0,0
"1.16.4-79","VP02",2024-12-14 10:19:25.55037,"-16.525748400000001","-71.480975900000004","C",NA,0,0,0
"1.12.5-77","VP07",2024-12-14 10:19:34.985784,"-16.489501400000002","-71.495125700000003","P","si",2,0,2
"1.12.5-78","VP07",2024-12-14 10:19:47.102032,"-16.489477399999998","-71.495118300000001","C",NA,0,0,0
"1.16.14-32","VP03",2024-12-14 10:20:14.561751,"-16.5334371","-71.475185400000001","P","si",6,6,3
"1.12.5-31","VP08",2024-12-14 10:20:59.51222,"-16.486232000000001","-71.488987899999998","LV",NA,0,0,0
"1.12.5-31","VP08",2024-12-14 10:21:03.836071,"-16.486221499999999","-71.488965699999994","LV",NA,0,0,0
"1.12.1-34","VP01",2024-12-14 10:21:06.952813,"-16.514572999999999","-71.490792299999995","P","si",1,1,0
"1.12.5-31","VP08",2024-12-14 10:21:08.310347,"-16.486219800000001","-71.488950399999993","LV",NA,0,0,0
"1.12.5-31","VP08",2024-12-14 10:21:13.531827,"-16.486218900000001","-71.488914600000001","C",NA,0,0,0
"1.16.14-30","VP03",2024-12-14 10:22:20.328309,"-16.533411900000001","-71.475246799999994","D",NA,0,0,0
"1.12.5-29","VP08",2024-12-14 10:22:28.817169,"-16.486174399999999","-71.488548699999996","P","si",6,6,0
"1.5.1-6","VP06",2024-12-14 10:22:30.66841,"-16.476821099999999","-71.475136199999994","P","si",2,0,1
"1.16.14-34","VP03",2024-12-14 10:22:52.981474,"-16.533390600000001","-71.475221199999993","D",NA,0,0,0
"1.12.5-29","VP08",2024-12-14 10:22:56.929641,"-16.486266700000002","-71.488270099999994","LV",NA,0,0,0
"1.16.14-33","VP03",2024-12-14 10:22:57.79312,"-16.533387999999999","-71.475224800000007","D",NA,0,0,0
"1.12.5-23","VP08",2024-12-14 10:23:04.182083,"-16.486306800000001","-71.488243800000006","C",NA,0,0,0
"1.16.14-36","VP03",2024-12-14 10:23:06.146682,"-16.533391600000002","-71.475217900000004","R",NA,0,0,0
"1.12.5-23","VP08",2024-12-14 10:23:10.202773,"-16.486321400000001","-71.488228500000005","LV",NA,0,0,0
"1.12.5-23","VP08",2024-12-14 10:23:15.493968,"-16.486327800000002","-71.488231600000006","LV",NA,0,0,0
"1.16.14-35","VP03",2024-12-14 10:23:18.376199,"-16.5333921","-71.475214300000005","C",NA,0,0,0
"1.12.5-23","VP08",2024-12-14 10:23:20.516709,"-16.4863286","-71.488244300000005","LV",NA,0,0,0
"1.16.14-39","VP03",2024-12-14 10:23:24.582155,"-16.533393","-71.475213199999999","LV",NA,0,0,0
"1.12.5-23","VP08",2024-12-14 10:23:25.956193,"-16.486328700000001","-71.488253499999999","LV",NA,0,0,0
"1.5.1-7","VP06",2024-12-14 10:23:31.447494,"-16.476828600000001","-71.474777900000007","C",NA,0,0,0
"1.12.5-23","VP08",2024-12-14 10:23:32.161833,"-16.4863377","-71.488259099999993","C",NA,0,0,0
"1.12.5-29","VP08",2024-12-14 10:23:42.291425,"-16.4864122","-71.488252700000004","C",NA,0,0,0
"1.12.5-29","VP08",2024-12-14 10:23:48.063811,"-16.486440900000002","-71.488252599999996","C",NA,0,0,0
"1.12.5-29","VP08",2024-12-14 10:23:54.683351,"-16.4864687","-71.488262899999995","P","si",1,1,0
"1.5.1-7","VP06",2024-12-14 10:24:04.21533,"-16.476893499999999","-71.474732200000005","P","no",0,0,0
"1.5.1-6","VP06",2024-12-14 10:24:30.069628,"-16.4770033","-71.474694200000002","C",NA,0,0,0
"1.12.5-77","VP07",2024-12-14 10:24:43.110274,"-16.4894456","-71.495095000000006","P","si",1,0,1
"1.5.1-7","VP06",2024-12-14 10:24:52.159432,"-16.477044599999999","-71.4746375","C",NA,0,0,0
"1.5.1-6","VP06",2024-12-14 10:25:12.084967,"-16.477132699999999","-71.474565200000001","C",NA,0,0,0
"1.5.1-8","VP06",2024-12-14 10:25:24.932412,"-16.4771854","-71.474553","C",NA,0,0,0
"1.5.1-8","VP06",2024-12-14 10:25:37.381631,"-16.4772234","-71.474552099999997","C",NA,0,0,0
"1.5.1-5","VP06",2024-12-14 10:26:00.971255,"-16.4773727","-71.474462500000001","C",NA,0,0,0
"1.5.1-5","VP06",2024-12-14 10:26:13.603311,"-16.477383199999998","-71.4744125","P","no",0,0,0
"1.12.1-34","VP01",2024-12-14 10:26:14.840162,"-16.5154654","-71.488276099999993","D",NA,0,0,0
"1.5.1-5","VP06",2024-12-14 10:26:36.928749,"-16.4774773","-71.474342699999994","C",NA,0,0,0
"1.5.1-5","VP06",2024-12-14 10:26:55.277592,"-16.477563700000001","-71.474241699999993","C",NA,0,0,0
"1.5.1-5","VP06",2024-12-14 10:27:06.036316,"-16.4775809","-71.474175000000002","LV",NA,0,0,0
"1.5.1-5","VP06",2024-12-14 10:27:32.402725,"-16.4776372","-71.474038199999995","P","si",3,3,0
"1.16.4-79","VP02",2024-12-14 10:27:51.450493,"-16.5256802","-71.481436000000002","DOG_ANOTHER_AREA",NA,1,0,1
"1.12.1-35","VP01",2024-12-14 10:27:53.073139,"-16.515465299999999","-71.488220200000001","C",NA,0,0,0
"1.5.1-5","VP06",2024-12-14 10:27:54.890479,"-16.477613300000002","-71.473979400000005","P","si",1,1,0
"1.5.1-5","VP06",2024-12-14 10:28:40.987907,"-16.4777044","-71.473703099999994","C",NA,0,0,0
"1.12.1-35","VP01",2024-12-14 10:29:10.053996,"-16.515468800000001","-71.488268399999995","C",NA,0,0,0
"1.12.1-35","VP01",2024-12-14 10:29:20.678442,"-16.515485699999999","-71.488289100000003","P","no",0,0,0
"1.16.14-37","VP03",2024-12-14 10:29:54.009419,"-16.533343800000001","-71.474895399999994","D",NA,0,0,0
"1.12.5-26","VP08",2024-12-14 10:31:39.252153,"-16.486551500000001","-71.488319099999998","P","si",1,0,1
"1.5.1-8","VP06",2024-12-14 10:32:48.665784,"-16.477763599999999","-71.473729899999995","P","si",3,3,0
"1.12.5-23","VP08",2024-12-14 10:32:49.998599,"-16.486681099999998","-71.488221699999997","LV",NA,0,0,0
"1.12.5-29","VP08",2024-12-14 10:33:02.952935,"-16.486711499999998","-71.488238499999994","P","si",1,1,0
"1.12.5-29","VP08",2024-12-14 10:33:21.915569,"-16.486798100000001","-71.488230099999996","P","si",2,0,0
"1.16.14-40","VP03",2024-12-14 10:33:27.273701,"-16.533280900000001","-71.476246700000004","LV",NA,0,0,0
"1.5.1-5","VP06",2024-12-14 10:33:33.951751,"-16.477831699999999","-71.473635799999997","C",NA,0,0,0
"1.5.1-5","VP06",2024-12-14 10:33:52.234882,"-16.477879900000001","-71.473565899999997","C",NA,0,0,0
"1.16.14-38","VP03",2024-12-14 10:33:52.550445,"-16.533042200000001","-71.476350600000004","D",NA,0,0,0
"1.5.1-8","VP06",2024-12-14 10:34:27.735039,"-16.477941600000001","-71.4734713","P","si",2,2,0
"1.12.5-26","VP08",2024-12-14 10:34:28.517645,"-16.486715199999999","-71.488099099999999","LV",NA,0,0,0
"1.12.5-26","VP08",2024-12-14 10:34:32.527005,"-16.4867107","-71.488075600000002","LV",NA,0,0,0
"1.12.5-26","VP08",2024-12-14 10:34:37.715734,"-16.4867141","-71.488033599999994","C",NA,0,0,0
"1.12.5-24","VP08",2024-12-14 10:34:46.099114,"-16.486720099999999","-71.487977400000005","C",NA,0,0,0
"1.5.1-8","VP06",2024-12-14 10:35:25.450889,"-16.477939200000002","-71.473461700000001","LV",NA,0,0,0
"1.16.11-19","VP03",2024-12-14 10:35:48.740384,"-16.532722","-71.476953199999997","D",NA,0,0,0
"1.16.11-20","VP03",2024-12-14 10:36:02.774131,"-16.532712499999999","-71.477118099999998","D",NA,0,0,0
"1.5.1-5","VP06",2024-12-14 10:36:05.9923,"-16.477980299999999","-71.473450499999998","C",NA,0,0,0
"1.12.5-72","VP07",2024-12-14 10:36:06.650611,"-16.489235699999998","-71.494641900000005","P","si",4,0,4
"1.5.1-5","VP06",2024-12-14 10:36:37.171213,"-16.4781288","-71.473327900000001","LV",NA,0,0,0
"1.12.5-24","VP08",2024-12-14 10:36:38.34093,"-16.486751699999999","-71.487896500000005","P","si",1,0,1
"1.16.11-20","VP03",2024-12-14 10:36:46.00018,"-16.5327232","-71.477388399999995","C",NA,0,0,0
"1.5.1-8","VP06",2024-12-14 10:36:47.667712,"-16.478146200000001","-71.473323800000003","C",NA,0,0,0
"1.12.5-23","VP08",2024-12-14 10:36:52.845881,"-16.486718700000001","-71.487925599999997","P","si",1,0,1
"1.5.1-5","VP06",2024-12-14 10:37:15.27829,"-16.4783106","-71.473187499999995","C",NA,0,0,0
"1.5.1-8","VP06",2024-12-14 10:37:28.092529,"-16.478362199999999","-71.473163400000004","C",NA,0,0,0
"1.5.1-8","VP06",2024-12-14 10:37:40.954124,"-16.478412500000001","-71.473060700000005","C",NA,0,0,0
"1.16.11-25","VP03",2024-12-14 10:37:59.125879,"-16.532762699999999","-71.4779056","P","si",2,2,0
"1.12.5-78","VP07",2024-12-14 10:38:07.697633,"-16.489519600000001","-71.495056599999998","C",NA,0,0,0
"1.12.5-78","VP07",2024-12-14 10:39:15.181311,"-16.4893945","-71.495316799999998","C",NA,0,0,0
"1.5.1-8","VP06",2024-12-14 10:39:20.198745,"-16.478582800000002","-71.4729435","P","si",5,5,0
"1.5.1-5","VP06",2024-12-14 10:39:42.834463,"-16.4785802","-71.472886599999995","C",NA,0,0,0
"1.12.5-78","VP07",2024-12-14 10:40:27.369075,"-16.489615300000001","-71.495386999999994","C",NA,0,0,0
"1.12.5-80","VP07",2024-12-14 10:40:35.318963,"-16.4896128","-71.495384599999994","C",NA,0,0,0
"1.16.11-26","VP03",2024-12-14 10:40:43.681914,"-16.532836499999998","-71.479104899999996","LP",NA,0,0,0
"1.12.5-78","VP07",2024-12-14 10:41:09.885421,"-16.489812799999999","-71.495391400000003","C",NA,0,0,0
"1.5.1-8","VP06",2024-12-14 10:41:39.607006,"-16.478642300000001","-71.472901500000006","P","si",3,0,3
"1.12.5-80","VP07",2024-12-14 10:42:05.502649,"-16.489733600000001","-71.495468200000005","C",NA,0,0,0
"1.12.5-78","VP07",2024-12-14 10:42:09.485593,"-16.489753","-71.495393300000003","C",NA,0,0,0
"1.12.5-80","VP07",2024-12-14 10:43:32.049507,"-16.490084700000001","-71.495395000000002","P","si",1,1,0
"1.12.5-78","VP07",2024-12-14 10:43:54.000251,"-16.490090299999999","-71.495337599999999","C",NA,0,0,0
"1.16.4-79","VP02",2024-12-14 10:44:00.449762,"-16.5258073","-71.481447399999993","D",NA,0,0,0
"1.16.4-79","VP02",2024-12-14 10:44:08.933577,"-16.5258307","-71.481320499999995","C",NA,0,0,0
"1.16.4-82","VP02",2024-12-14 10:44:20.482931,"-16.525876400000001","-71.481279599999993","C",NA,0,0,0
"1.16.4-82","VP02",2024-12-14 10:44:25.217509,"-16.525875599999999","-71.481289899999993","C",NA,0,0,0
"1.12.5-26","VP08",2024-12-14 10:44:35.000073,"-16.4867484","-71.487791400000006","P","no",0,0,0
"1.16.4-82","VP02",2024-12-14 10:44:39.632695,"-16.525911799999999","-71.481307900000004","C",NA,0,0,0
"1.12.1-35","VP01",2024-12-14 10:44:40.534885,"-16.515456","-71.490978200000001","P","si",2,2,2
"1.12.5-26","VP08",2024-12-14 10:44:44.597089,"-16.4867463","-71.487764100000007","P","si",2,0,2
"1.12.5-78","VP07",2024-12-14 10:44:54.1569,"-16.490113900000001","-71.495269899999997","C",NA,0,0,0
"1.12.5-26","VP08",2024-12-14 10:44:56.175178,"-16.486737900000001","-71.487715399999999","P","no",0,0,0
"1.12.5-80","VP07",2024-12-14 10:44:58.191516,"-16.4901135","-71.495276700000005","C",NA,0,0,0
"1.12.5-26","VP08",2024-12-14 10:45:06.507036,"-16.486743199999999","-71.487645299999997","C",NA,0,0,0
"1.12.5-26","VP08",2024-12-14 10:45:11.38184,"-16.486739100000001","-71.487624699999998","P","no",0,0,0
"1.12.5-26","VP08",2024-12-14 10:46:28.74489,"-16.486832700000001","-71.487751200000005","P","si",2,2,0
"1.12.5-26","VP08",2024-12-14 10:46:42.202221,"-16.486755500000001","-71.487701000000001","P","si",1,1,0
"1.12.5-26","VP08",2024-12-14 10:46:54.708834,"-16.4867545","-71.487699300000003","LV",NA,0,0,0
"1.12.5-26","VP08",2024-12-14 10:46:57.586786,"-16.486754600000001","-71.487701099999995","R",NA,0,0,0
"1.12.5-26","VP08",2024-12-14 10:47:06.303769,"-16.486755899999999","-71.487699300000003","C",NA,0,0,0
"1.16.4-82","VP02",2024-12-14 10:48:10.718794,"-16.525988699999999","-71.481516299999996","P","si",1,1,0
"1.12.5-24","VP08",2024-12-14 10:50:09.035165,"-16.486737000000002","-71.487571299999999","C",NA,0,0,0
"1.12.5-24","VP08",2024-12-14 10:50:15.355297,"-16.4867536","-71.487570300000002","C",NA,0,0,0
"1.12.5-24","VP08",2024-12-14 10:50:19.879293,"-16.4867542","-71.4875665","C",NA,0,0,0
"1.12.5-24","VP08",2024-12-14 10:50:24.135999,"-16.4867448","-71.487543200000005","P","si",2,2,0
"1.12.5-26","VP08",2024-12-14 10:50:49.430676,"-16.486729100000002","-71.487525500000004","P","si",4,4,0
"1.12.1-34","VP01",2024-12-14 10:50:51.270144,"-16.515457900000001","-71.490976000000003","C",NA,0,0,0
"1.16.4-83","VP02",2024-12-14 10:51:30.71144,"-16.525199499999999","-71.481672700000004","C",NA,0,0,0
"1.12.5-22","VP08",2024-12-14 10:51:39.041787,"-16.486727900000002","-71.487302299999996","C",NA,0,0,0
"1.16.4-83","VP02",2024-12-14 10:51:39.928178,"-16.5252193","-71.481641400000001","C",NA,0,0,0
"1.12.5-22","VP08",2024-12-14 10:51:46.976494,"-16.486734800000001","-71.487251000000001","C",NA,0,0,0
"1.12.5-22","VP08",2024-12-14 10:51:51.433386,"-16.486737000000002","-71.487226699999994","P","si",2,2,0
"1.16.4-83","VP02",2024-12-14 10:52:02.278614,"-16.525168799999999","-71.481571900000006","C",NA,0,0,0
"1.16.4-83","VP02",2024-12-14 10:52:11.562417,"-16.525172699999999","-71.481594599999994","D",NA,0,0,0
"1.16.4-83","VP02",2024-12-14 10:52:19.828724,"-16.525169000000002","-71.481589900000003","D",NA,0,0,0
"1.12.5-24","VP08",2024-12-14 10:52:19.966381,"-16.486735199999998","-71.487234799999996","D",NA,0,0,0
"1.16.4-83","VP02",2024-12-14 10:52:26.44606,"-16.525169099999999","-71.481594200000004","D",NA,0,0,0
"1.12.5-24","VP08",2024-12-14 10:52:26.620438,"-16.486737300000001","-71.487220300000004","LV",NA,0,0,0
"1.12.5-26","VP08",2024-12-14 10:52:30.17961,"-16.4867393","-71.487183999999999","LV",NA,0,0,0
"1.16.4-78","VP02",2024-12-14 10:52:36.129861,"-16.525169399999999","-71.481587000000005","P","no",0,0,0
"1.16.4-78","VP02",2024-12-14 10:52:45.194724,"-16.5251679","-71.481581199999994","C",NA,0,0,0
"1.16.4-78","VP02",2024-12-14 10:52:49.395125,"-16.5251591","-71.481569199999996","C",NA,0,0,0
"1.16.4-78","VP02",2024-12-14 10:52:53.862311,"-16.5251527","-71.481567799999993","C",NA,0,0,0
"1.16.4-78","VP02",2024-12-14 10:53:00.094697,"-16.525145500000001","-71.481562100000005","LV",NA,0,0,0
"1.16.11-32","VP03",2024-12-14 10:55:22.292126,"-16.533906300000002","-71.481972799999994","P","si",2,2,0
"1.5.1-8","VP06",2024-12-14 10:55:25.354953,"-16.478629300000001","-71.472576000000004","C",NA,0,0,0
"1.16.11-33","VP03",2024-12-14 10:55:38.063452,"-16.533912900000001","-71.481981500000003","D",NA,0,0,0
"1.16.11-31","VP03",2024-12-14 10:55:56.775153,"-16.533926999999998","-71.481983499999998","P","si",2,2,0
"1.16.11-6","VP03",2024-12-14 10:56:33.947172,"-16.533928899999999","-71.481986199999994","P","si",3,3,0
"1.16.4-83","VP02",2024-12-14 10:56:58.367722,"-16.524959800000001","-71.481681600000002","P","no",0,0,0
"1.16.4-83","VP02",2024-12-14 10:57:06.817805,"-16.524923099999999","-71.481735999999998","C",NA,0,0,0
"1.16.4-78","VP02",2024-12-14 10:57:13.967475,"-16.524917299999998","-71.481744800000001","D",NA,0,0,0
"1.16.4-78","VP02",2024-12-14 10:57:22.698465,"-16.524931800000001","-71.481760199999997","C",NA,0,0,0
"1.5.1-8","VP06",2024-12-14 10:58:02.20286,"-16.478685500000001","-71.472632500000003","D",NA,0,0,0
"1.5.1-5","VP06",2024-12-14 10:58:14.904452,"-16.4787766","-71.472575300000003","C",NA,0,0,0
"1.16.4-83","VP02",2024-12-14 10:58:16.770957,"-16.524823699999999","-71.481700799999999","C",NA,0,0,0
"1.16.4-78","VP02",2024-12-14 10:58:22.754929,"-16.524782600000002","-71.481701099999995","D",NA,0,0,0
"1.16.11-29","VP03",2024-12-14 10:58:23.326305,"-16.533976899999999","-71.482139700000005","P","si",3,3,0
"1.16.4-78","VP02",2024-12-14 10:58:26.621646,"-16.5247581","-71.481695900000005","C",NA,0,0,0
"1.16.11-30","VP03",2024-12-14 10:58:49.299783,"-16.534035899999999","-71.481954599999995","C",NA,0,0,0
"1.16.11-8","VP03",2024-12-14 10:59:06.758505,"-16.534026900000001","-71.481966299999996","P","si",1,1,0
"1.16.4-47","VP02",2024-12-14 10:59:28.477808,"-16.524370099999999","-71.481890199999995","C",NA,0,0,0
"1.16.11-28","VP03",2024-12-14 10:59:31.793418,"-16.5340098","-71.481974300000005","C",NA,0,0,0
"1.16.4-47","VP02",2024-12-14 10:59:37.312171,"-16.5243489","-71.481888600000005","C",NA,0,0,0
"1.5.1-5","VP06",2024-12-14 10:59:41.812248,"-16.479051399999999","-71.472216000000003","C",NA,0,0,0
"1.12.5-24","VP08",2024-12-14 10:59:42.324991,"-16.486692900000001","-71.486702199999996","C",NA,0,0,0
"1.16.11-27","VP03",2024-12-14 10:59:45.167029,"-16.534013600000002","-71.481974500000007","P","si",1,1,1
"1.12.5-24","VP08",2024-12-14 10:59:46.649341,"-16.486702699999999","-71.486727400000007","C",NA,0,0,0
"1.16.11-21","VP03",2024-12-14 11:00:14.186338,"-16.534013399999999","-71.481974300000005","D",NA,0,0,0
"1.5.1-5","VP06",2024-12-14 11:00:15.076659,"-16.479168000000001","-71.472105900000003","LV",NA,0,0,0
"1.5.1-5","VP06",2024-12-14 11:00:44.578184,"-16.479331599999998","-71.472057899999996","C",NA,0,0,0
"1.12.5-24","VP08",2024-12-14 11:00:58.2202,"-16.486697400000001","-71.486824100000007","P","si",2,2,0
"1.16.11-34","VP03",2024-12-14 11:01:04.231382,"-16.534016300000001","-71.4819818","P","si",1,1,0
"1.5.1-5","VP06",2024-12-14 11:01:09.284611,"-16.479370800000002","-71.471985399999994","C",NA,0,0,0
"1.12.5-24","VP08",2024-12-14 11:01:18.21134,"-16.486726999999998","-71.486775600000001","C",NA,0,0,0
"1.5.1-8","VP06",2024-12-14 11:01:25.916914,"-16.4794315","-71.4718661","C",NA,0,0,0
"1.5.4-16","VP04",2024-12-14 11:01:27.216771,"-16.469117900000001","-71.481914099999997","P","si",11,0,11
"1.16.11-35","VP03",2024-12-14 11:01:33.0506,"-16.534013099999999","-71.481979600000003","P","si",1,1,0
"1.12.5-25","VP08",2024-12-14 11:01:37.373297,"-16.486730000000001","-71.486777700000005","LV",NA,0,0,0
"1.5.1-8","VP06",2024-12-14 11:01:45.05203,"-16.479568","-71.471849399999996","C",NA,0,0,0
"1.12.5-25","VP08",2024-12-14 11:01:48.168059,"-16.486730000000001","-71.486777399999994","C",NA,0,0,0
"1.12.5-25","VP08",2024-12-14 11:01:56.601205,"-16.486730000000001","-71.486777200000006","LP",NA,0,0,0
"1.12.1-34","VP01",2024-12-14 11:02:02.820086,"-16.515467999999998","-71.490985199999997","D",NA,0,0,0
"1.5.1-5","VP06",2024-12-14 11:02:07.180172,"-16.4796969","-71.471736899999996","C",NA,0,0,0
"1.12.5-30","VP08",2024-12-14 11:02:13.80068,"-16.486729799999999","-71.486776599999999","LP",NA,0,0,0
"1.12.1-35","VP01",2024-12-14 11:02:15.110139,"-16.515462299999999","-71.490983200000002","D",NA,0,0,0
"1.5.1-5","VP06",2024-12-14 11:02:19.072056,"-16.479766900000001","-71.471699599999994","C",NA,0,0,0
"1.12.1-35","VP01",2024-12-14 11:02:21.129428,"-16.515459499999999","-71.490983700000001","D",NA,0,0,0
"1.12.1-34","VP01",2024-12-14 11:02:25.287106,"-16.515463100000002","-71.490984499999996","P","si",1,1,0
"1.5.1-5","VP06",2024-12-14 11:02:31.199869,"-16.4798163","-71.471628999999993","C",NA,0,0,0
"1.12.1-34","VP01",2024-12-14 11:02:37.460051,"-16.5154614","-71.490985600000002","C",NA,0,0,0
"1.5.1-2","VP06",2024-12-14 11:02:48.880967,"-16.4799012","-71.4715518","LV",NA,0,0,0
"1.12.1-35","VP01",2024-12-14 11:03:03.536662,"-16.515458299999999","-71.490979499999995","P","no",0,0,0
"1.5.1-2","VP06",2024-12-14 11:03:06.961132,"-16.480020199999998","-71.471498699999998","C",NA,0,0,0
"1.16.11-36","VP03",2024-12-14 11:03:09.390726,"-16.534011499999998","-71.481971700000003","C",NA,0,0,0
"1.12.1-35","VP01",2024-12-14 11:03:12.215455,"-16.515460699999998","-71.490980100000002","P","si",3,2,0
"1.16.11-37","VP03",2024-12-14 11:03:17.668376,"-16.534012100000002","-71.481973600000003","D",NA,0,0,0
"1.16.11-38","VP03",2024-12-14 11:03:23.131186,"-16.534011","-71.481975399999996","P","si",2,2,0
"1.5.1-2","VP06",2024-12-14 11:03:38.243557,"-16.4801644","-71.471422200000006","C",NA,0,0,0
"1.12.5-24","VP08",2024-12-14 11:03:38.476445,"-16.4867673","-71.486632499999999","P","si",2,0,2
"1.12.5-25","VP08",2024-12-14 11:03:49.487666,"-16.486773599999999","-71.486645100000004","P","si",1,1,0
"1.12.5-120","VP07",2024-12-14 11:04:42.609304,"-16.4909645","-71.495640399999999","P","si",4,0,4
"1.5.1-2","VP06",2024-12-14 11:06:35.216408,"-16.480236600000001","-71.4714125","P","si",4,0,4
"1.16.4-89","VP02",2024-12-14 11:06:53.736427,"-16.524512399999999","-71.482177800000002","DOG_ANOTHER_AREA",NA,2,0,2
"1.16.4-47","VP02",2024-12-14 11:07:08.837196,"-16.5245085","-71.482144599999998","DOG_ANOTHER_AREA",NA,1,0,1
"1.12.5-25","VP08",2024-12-14 11:07:12.254391,"-16.486709000000001","-71.4866344","C",NA,0,0,0
"1.12.5-25","VP08",2024-12-14 11:07:16.32864,"-16.4867098","-71.486631900000006","C",NA,0,0,0
"1.12.5-25","VP08",2024-12-14 11:10:51.953467,"-16.486572800000001","-71.486406799999997","P","si",1,0,1
"1.16.4-47","VP02",2024-12-14 11:10:56.612515,"-16.5240011","-71.482370799999998","LV",NA,0,0,0
"1.16.4-46","VP02",2024-12-14 11:11:23.979845,"-16.523939299999999","-71.482408899999996","C",NA,0,0,0
"1.16.4-46","VP02",2024-12-14 11:11:35.330098,"-16.523948699999998","-71.482408399999997","LV",NA,0,0,0
"1.12.1-34","VP01",2024-12-14 11:11:39.036773,"-16.515463499999999","-71.490985699999996","P","si",2,2,0
"1.16.4-46","VP02",2024-12-14 11:11:39.76379,"-16.523950200000002","-71.482406900000001","LV",NA,0,0,0
"1.16.4-46","VP02",2024-12-14 11:11:43.662135,"-16.523941499999999","-71.482406400000002","LV",NA,0,0,0
"1.16.4-47","VP02",2024-12-14 11:11:49.962857,"-16.523946299999999","-71.482406699999999","P","no",0,0,0
"1.16.4-47","VP02",2024-12-14 11:11:56.495662,"-16.523943800000001","-71.482408000000007","D",NA,0,0,0
"1.16.4-47","VP02",2024-12-14 11:12:03.846694,"-16.5239446","-71.482408800000002","P","si",1,0,1
"1.12.1-34","VP01",2024-12-14 11:12:59.742045,"-16.515479599999999","-71.490989799999994","P","no",0,0,0
"1.12.5-80","VP07",2024-12-14 11:13:10.126459,"-16.4906769","-71.495848499999994","P","no",0,0,0
"1.16.4-38","VP02",2024-12-14 11:13:11.999385,"-16.5238637","-71.482370299999999","P","si",1,1,0
"1.12.5-80","VP07",2024-12-14 11:13:50.025849,"-16.4906717","-71.495901700000005","C",NA,0,0,0
"1.12.5-80","VP07",2024-12-14 11:14:24.728001,"-16.490586100000002","-71.496034100000003","D",NA,0,0,0
"1.5.1-2","VP06",2024-12-14 11:14:29.284863,"-16.480461600000002","-71.471316700000003","P","si",2,2,0
"1.5.1-4","VP06",2024-12-14 11:15:08.178285,"-16.480463","-71.471262100000004","P","si",3,0,0
"1.5.1-2","VP06",2024-12-14 11:15:52.08659,"-16.480517500000001","-71.471189800000005","C",NA,0,0,0
"1.12.5-80","VP07",2024-12-14 11:16:03.157361,"-16.490272600000001","-71.496209199999996","P","si",1,0,1
"1.5.1-2","VP06",2024-12-14 11:16:08.216354,"-16.480570799999999","-71.471174099999999","C",NA,0,0,0
"1.5.1-2","VP06",2024-12-14 11:16:28.5851,"-16.480753","-71.471144899999999","C",NA,0,0,0
"1.5.1-2","VP06",2024-12-14 11:16:44.634292,"-16.4808384","-71.471082199999998","D",NA,0,0,0
"1.5.1-2","VP06",2024-12-14 11:17:06.610964,"-16.4809454","-71.471002100000007","C",NA,0,0,0
"1.5.1-2","VP06",2024-12-14 11:17:28.229242,"-16.481019199999999","-71.470905000000002","C",NA,0,0,0
"1.12.5-24","VP08",2024-12-14 11:17:34.969878,"-16.486707899999999","-71.486491799999996","P","si",3,3,0
"1.12.1-34","VP01",2024-12-14 11:17:40.486742,"-16.51548","-71.490988599999994","C",NA,0,0,0
"1.12.1-35","VP01",2024-12-14 11:17:54.920803,"-16.515425","-71.490983999999997","C",NA,0,0,0
"1.12.1-35","VP01",2024-12-14 11:18:02.654615,"-16.515434299999999","-71.490984800000007","D",NA,0,0,0
"1.5.1-2","VP06",2024-12-14 11:18:04.796509,"-16.4812598","-71.470851400000001","C",NA,0,0,0
"1.12.1-35","VP01",2024-12-14 11:18:10.403801,"-16.515447900000002","-71.490985899999998","C",NA,0,0,0
"1.12.5-24","VP08",2024-12-14 11:18:19.201991,"-16.4865323","-71.486288200000004","C",NA,0,0,0
"1.12.1-35","VP01",2024-12-14 11:18:22.177734,"-16.5161929","-71.490973299999993","D",NA,0,0,0
"1.12.5-24","VP08",2024-12-14 11:18:26.737526,"-16.4865028","-71.486356400000005","LV",NA,0,0,0
"1.12.5-24","VP08",2024-12-14 11:18:31.145167,"-16.4864876","-71.486396099999993","C",NA,0,0,0
"1.12.1-34","VP01",2024-12-14 11:18:33.403595,"-16.516249999999999","-71.490972900000003","D",NA,0,0,0
"1.5.1-2","VP06",2024-12-14 11:19:08.748488,"-16.4812917","-71.470821700000002","P","si",3,3,0
"1.12.5-24","VP08",2024-12-14 11:19:42.30429,"-16.486569800000002","-71.486319199999997","C",NA,0,0,0
"1.12.5-24","VP08",2024-12-14 11:19:47.942996,"-16.486606099999999","-71.486286899999996","C",NA,0,0,0
"1.12.1-35","VP01",2024-12-14 11:20:09.474824,"-16.51548","-71.490988599999994","P","si",2,2,0
"1.12.5-25","VP08",2024-12-14 11:20:16.9844,"-16.486798100000001","-71.486064099999993","C",NA,0,0,0
"1.12.5-25","VP08",2024-12-14 11:20:32.704557,"-16.486899999999999","-71.486003800000006","C",NA,0,0,0
"1.12.5-25","VP08",2024-12-14 11:20:38.71059,"-16.486941000000002","-71.485976199999996","LV",NA,0,0,0
"1.12.5-17","VP08",2024-12-14 11:21:05.742151,"-16.487109","-71.485800299999994","P","si",1,1,1
"1.5.1-2","VP06",2024-12-14 11:21:27.552777,"-16.481812900000001","-71.470537699999994","LP",NA,0,0,0
"1.5.1-3","VP06",2024-12-14 11:22:10.411308,"-16.482198499999999","-71.4700931","LV",NA,0,0,0
"1.5.1-2","VP06",2024-12-14 11:24:37.297033,"-16.4824226","-71.469794500000006","LV",NA,0,0,0
"1.5.1-2","VP06",2024-12-14 11:24:52.887014,"-16.482472699999999","-71.469693000000007","D",NA,0,0,0
"1.5.1-2","VP06",2024-12-14 11:25:22.422578,"-16.482600699999999","-71.469566599999993","P","no",0,0,0
"1.5.1-2","VP06",2024-12-14 11:25:39.358472,"-16.4826701","-71.469467300000005","C",NA,0,0,0
"1.12.5-18","VP08",2024-12-14 11:26:00.280443,"-16.4868129","-71.485759200000004","P","si",1,0,1
"1.5.1-3","VP06",2024-12-14 11:26:12.965623,"-16.482782199999999","-71.4693015","P","si",4,4,0
"1.5.1-2","VP06",2024-12-14 11:26:57.339489,"-16.482964800000001","-71.469190699999999","C",NA,0,0,0
"1.5.1-2","VP06",2024-12-14 11:27:10.596009,"-16.483007400000002","-71.469110299999997","D",NA,0,0,0
"1.12.5-27","VP08",2024-12-14 11:27:28.134269,"-16.487091400000001","-71.485639800000001","P","si",5,0,5
"1.5.1-2","VP06",2024-12-14 11:27:50.014096,"-16.483140299999999","-71.468921600000002","C",NA,0,0,0
"1.5.1-2","VP06",2024-12-14 11:28:46.405897,"-16.483181200000001","-71.468725199999994","C",NA,0,0,0
"1.5.1-1","VP06",2024-12-14 11:29:15.118865,"-16.483279799999998","-71.468593999999996","P","no",0,0,0
"1.5.1-2","VP06",2024-12-14 11:29:44.702754,"-16.483350099999999","-71.468486799999994","C",NA,0,0,0
"1.5.1-2","VP06",2024-12-14 11:30:25.127621,"-16.483422699999998","-71.468289799999994","C",NA,0,0,0
"1.12.5-27","VP08",2024-12-14 11:30:47.90501,"-16.487317000000001","-71.485675099999995","P","si",3,3,0
"1.5.1-2","VP06",2024-12-14 11:31:52.672382,"-16.483609300000001","-71.467865200000006","C",NA,0,0,0
"1.16.4-39","VP02",2024-12-14 11:32:19.129576,"-16.523600500000001","-71.482604499999994","C",NA,0,0,0
"1.5.7-23","VP04",2024-12-14 11:32:27.382603,"-16.4689859","-71.482721299999994","P","si",1,0,1
"1.16.4-39","VP02",2024-12-14 11:32:34.111999,"-16.523595799999999","-71.482593699999995","C",NA,0,0,0
"1.16.4-39","VP02",2024-12-14 11:32:43.245853,"-16.5235935","-71.482585599999993","C",NA,0,0,0
"1.16.4-39","VP02",2024-12-14 11:32:53.577751,"-16.523594200000002","-71.482581600000003","LV",NA,0,0,0
"1.16.4-39","VP02",2024-12-14 11:33:12.979362,"-16.523595199999999","-71.482578799999999","LV",NA,0,0,0
"1.16.4-39","VP02",2024-12-14 11:34:27.053741,"-16.52337","-71.482552999999996","D",NA,0,0,0
"1.12.12-1","VP01",2024-12-14 11:38:23.001814,"-16.515443399999999","-71.488282400000003","D",NA,0,0,0
"1.12.12-4","VP01",2024-12-14 11:38:54.9974,"-16.5154502","-71.488343200000003","C",NA,0,0,0
"1.12.5-27","VP08",2024-12-14 11:39:17.102599,"-16.487651799999998","-71.485750699999997","P","si",1,1,0
"1.12.5-27","VP08",2024-12-14 11:39:27.538408,"-16.487655499999999","-71.485867299999995","C",NA,0,0,0
"1.12.5-27","VP08",2024-12-14 11:39:32.079608,"-16.487657899999999","-71.485932199999993","C",NA,0,0,0
"1.12.5-27","VP08",2024-12-14 11:39:37.600737,"-16.4876605","-71.485987100000003","LV",NA,0,0,0
"1.12.5-27","VP08",2024-12-14 11:39:42.740802,"-16.487669199999999","-71.486035200000003","P","si",3,3,0
"1.12.1-36","VP01",2024-12-14 11:39:44.620935,"-16.515476700000001","-71.488266999999993","C",NA,0,0,0
"1.12.5-27","VP08",2024-12-14 11:40:04.031172,"-16.4876635","-71.486222499999997","P","si",2,0,2
"1.16.4-41","VP02",2024-12-14 11:46:29.499574,"-16.523396300000002","-71.482979200000003","P","si",3,1,2
"1.12.12-4","VP01",2024-12-14 11:47:28.930041,"-16.515401199999999","-71.488293499999997","P","si",2,1,1
"1.12.5-40","VP08",2024-12-14 11:49:18.888329,"-16.4876741","-71.486433199999993","P","si",2,0,2
"1.12.5-40","VP08",2024-12-14 11:49:32.078581,"-16.487673300000001","-71.486496399999993","C",NA,0,0,0
"1.12.5-37","VP08",2024-12-14 11:49:42.240905,"-16.487682599999999","-71.486454100000003","C",NA,0,0,0
"1.12.5-37","VP08",2024-12-14 11:50:30.255238,"-16.487697099999998","-71.486444800000001","C",NA,0,0,0
"1.12.5-37","VP08",2024-12-14 11:50:37.039102,"-16.487698600000002","-71.486437800000004","P","si",1,1,0
"1.12.12-4","VP01",2024-12-14 12:09:52.447581,"-16.515467999999998","-71.488273599999999","DOG_ANOTHER_AREA",NA,3,2,1
"1.12.5-110","VP07",2024-12-14 12:11:34.932689,"-16.4913709","-71.492668899999998","P","no",0,0,0
"1.12.5-110","VP07",2024-12-14 12:11:52.182321,"-16.4913749","-71.492675000000006","C",NA,0,0,0
"1.12.5-108","VP07",2024-12-14 12:11:58.716408,"-16.491374700000001","-71.492677999999998","C",NA,0,0,0
"1.12.5-108","VP07",2024-12-14 12:12:06.0332,"-16.491376299999999","-71.492673300000007","C",NA,0,0,0
