"DATE";"CLUSTER"
"2024-12-01T08:12:52.611025";"cluster19"
"2024-12-01T08:13:18.823388";"cluster19"
"2024-12-01T08:17:32.509111";"cluster19"
"2024-12-01T08:18:16.655981";"cluster19"
"2024-12-01T08:19:06.439832";"cluster19"
"2024-12-01T08:19:08.063790";"cluster19"
"2024-12-01T08:19:52.438663";"cluster19"
"2024-12-01T08:20:02.861523";"cluster19"
"2024-12-01T08:20:17.939744";"cluster19"
"2024-12-01T08:20:19.640604";"cluster19"
"2024-12-01T08:20:31.342685";"cluster19"
"2024-12-01T08:20:41.399445";"cluster19"
"2024-12-01T08:21:07.419656";"cluster19"
"2024-12-01T08:21:50.490528";"cluster19"
"2024-12-01T08:21:51.267886";"cluster19"
"2024-12-01T08:22:15.708101";"cluster19"
"2024-12-01T08:22:41.101272";"cluster19"
"2024-12-01T08:22:51.423039";"cluster19"
"2024-12-01T08:22:57.500962";"cluster19"
"2024-12-01T08:23:20.508026";"cluster19"
"2024-12-01T08:23:24.263304";"cluster19"
"2024-12-01T08:23:06.533517";"cluster19"
"2024-12-01T08:23:48.458027";"cluster19"
"2024-12-01T08:23:59.084737";"cluster19"
"2024-12-01T08:24:10.301537";"cluster19"
"2024-12-01T08:24:34.417898";"cluster19"
"2024-12-01T08:24:54.274993";"cluster19"
"2024-12-01T08:25:09.749166";"cluster19"
"2024-12-01T08:25:20.389782";"cluster19"
"2024-12-01T08:25:17.184358";"cluster19"
"2024-12-01T08:25:16.636080";"cluster19"
"2024-12-01T08:25:30.893389";"cluster19"
"2024-12-01T08:25:37.486362";"cluster19"
"2024-12-01T08:25:54.286088";"cluster19"
"2024-12-01T08:26:18.003148";"cluster19"
"2024-12-01T08:25:25.891622";"cluster19"
"2024-12-01T08:26:59.945533";"cluster19"
"2024-12-01T08:27:21.202355";"cluster19"
"2024-12-01T08:27:34.863814";"cluster19"
"2024-12-01T08:28:35.429004";"cluster19"
"2024-12-01T08:28:41.818779";"cluster19"
"2024-12-01T08:28:58.952170";"cluster19"
"2024-12-01T08:29:13.136012";"cluster19"
"2024-12-01T08:29:21.033628";"cluster19"
"2024-12-01T08:29:28.837679";"cluster19"
"2024-12-01T08:29:36.713069";"cluster19"
"2024-12-01T08:26:39.024578";"cluster19"
"2024-12-01T08:30:22.437996";"cluster19"
"2024-12-01T08:32:21.135945";"cluster19"
"2024-12-01T08:32:44.035684";"cluster19"
"2024-12-01T08:32:55.168505";"cluster19"
"2024-12-01T08:33:12.392128";"cluster19"
"2024-12-01T08:33:29.745007";"cluster19"
"2024-12-01T08:33:54.646197";"cluster19"
"2024-12-01T08:34:50.895195";"cluster19"
"2024-12-01T08:35:01.928236";"cluster19"
"2024-12-01T08:35:21.937672";"cluster19"
"2024-12-01T08:35:26.930061";"cluster19"
"2024-12-01T08:35:33.866471";"cluster19"
"2024-12-01T08:35:38.771561";"cluster19"
"2024-12-01T08:35:54.419414";"cluster19"
"2024-12-01T08:36:12.053879";"cluster19"
"2024-12-01T08:36:31.503816";"cluster19"
"2024-12-01T08:35:59.103163";"cluster19"
"2024-12-01T08:37:11.171010";"cluster19"
"2024-12-01T08:38:18.563398";"cluster19"
"2024-12-01T08:38:30.500935";"cluster19"
"2024-12-01T08:38:27.742022";"cluster19"
"2024-12-01T08:38:34.867594";"cluster19"
"2024-12-01T08:38:44.683167";"cluster19"
"2024-12-01T08:38:52.879854";"cluster19"
"2024-12-01T08:39:33.919015";"cluster19"
"2024-12-01T08:39:43.094250";"cluster19"
"2024-12-01T08:40:06.036996";"cluster19"
"2024-12-01T08:40:01.761308";"cluster19"
"2024-12-01T08:40:03.752426";"cluster19"
"2024-12-01T08:40:48.386101";"cluster19"
"2024-12-01T08:40:56.334581";"cluster19"
"2024-12-01T08:41:27.879338";"cluster19"
"2024-12-01T08:41:29.002349";"cluster19"
"2024-12-01T08:41:58.469422";"cluster19"
"2024-12-01T08:42:30.834053";"cluster19"
"2024-12-01T08:42:41.369230";"cluster19"
"2024-12-01T08:42:51.681857";"cluster19"
"2024-12-01T08:43:04.392562";"cluster19"
"2024-12-01T08:43:11.578211";"cluster19"
"2024-12-01T08:43:14.624685";"cluster19"
"2024-12-01T08:43:51.923935";"cluster19"
"2024-12-01T08:44:37.275636";"cluster19"
"2024-12-01T08:44:37.558944";"cluster19"
"2024-12-01T08:44:56.255558";"cluster19"
"2024-12-01T08:45:01.822484";"cluster19"
"2024-12-01T08:45:33.600566";"cluster19"
"2024-12-01T08:46:39.316405";"cluster19"
"2024-12-01T08:46:54.910130";"cluster19"
"2024-12-01T08:46:57.474915";"cluster19"
"2024-12-01T08:47:06.725981";"cluster19"
"2024-12-01T08:48:01.868695";"cluster19"
"2024-12-01T08:48:08.884484";"cluster19"
"2024-12-01T08:48:47.809040";"cluster19"
"2024-12-01T08:49:15.429414";"cluster19"
"2024-12-01T08:49:29.779153";"cluster19"
"2024-12-01T08:50:12.281355";"cluster19"
"2024-12-01T08:50:26.918432";"cluster19"
"2024-12-01T08:50:24.152041";"cluster19"
"2024-12-01T08:50:32.130019";"cluster19"
"2024-12-01T08:50:35.130294";"cluster19"
"2024-12-01T08:50:33.182173";"cluster19"
"2024-12-01T08:50:38.429950";"cluster19"
"2024-12-01T08:50:38.361370";"cluster19"
"2024-12-01T08:50:41.939747";"cluster19"
"2024-12-01T08:50:37.223858";"cluster19"
"2024-12-01T08:50:44.512816";"cluster19"
"2024-12-01T08:50:44.292351";"cluster19"
"2024-12-01T08:50:31.698707";"cluster19"
"2024-12-01T08:50:47.525784";"cluster19"
"2024-12-01T08:50:53.272064";"cluster19"
"2024-12-01T08:50:52.079180";"cluster19"
"2024-12-01T08:51:23.067280";"cluster19"
"2024-12-01T08:51:30.217098";"cluster19"
"2024-12-01T08:51:51.180592";"cluster19"
"2024-12-01T08:51:59.879705";"cluster19"
"2024-12-01T08:52:02.067234";"cluster19"
"2024-12-01T08:52:19.329758";"cluster19"
"2024-12-01T08:53:13.349022";"cluster19"
"2024-12-01T08:53:38.709555";"cluster19"
"2024-12-01T08:53:49.027452";"cluster19"
"2024-12-01T08:54:20.127789";"cluster19"
"2024-12-01T08:55:29.440428";"cluster19"
"2024-12-01T08:55:27.293740";"cluster19"
"2024-12-01T08:55:48.489875";"cluster19"
"2024-12-01T08:55:59.956563";"cluster19"
"2024-12-01T08:56:13.840512";"cluster19"
"2024-12-01T08:56:02.960088";"cluster19"
"2024-12-01T08:57:05.743163";"cluster19"
"2024-12-01T08:57:10.065002";"cluster19"
"2024-12-01T08:57:18.398771";"cluster19"
"2024-12-01T08:57:36.832129";"cluster19"
"2024-12-01T08:57:48.523980";"cluster19"
"2024-12-01T09:00:10.598876";"cluster19"
"2024-12-01T09:00:20.289346";"cluster19"
"2024-12-01T09:00:25.932203";"cluster19"
"2024-12-01T09:00:53.865347";"cluster19"
"2024-12-01T09:01:37.259772";"cluster19"
"2024-12-01T09:01:55.407124";"cluster19"
"2024-12-01T09:02:00.726348";"cluster19"
"2024-12-01T09:02:30.043546";"cluster19"
"2024-12-01T09:02:58.959184";"cluster19"
"2024-12-01T09:03:09.487428";"cluster19"
"2024-12-01T09:04:05.569371";"cluster19"
"2024-12-01T09:04:13.786160";"cluster19"
"2024-12-01T09:04:46.746622";"cluster19"
"2024-12-01T09:05:04.164936";"cluster19"
"2024-12-01T09:04:04.908424";"cluster19"
"2024-12-01T09:05:59.856935";"cluster19"
"2024-12-01T09:06:03.381910";"cluster19"
"2024-12-01T09:06:21.569579";"cluster19"
"2024-12-01T09:06:35.151085";"cluster19"
"2024-12-01T09:06:18.992068";"cluster19"
"2024-12-01T09:06:50.413934";"cluster19"
"2024-12-01T09:07:45.951789";"cluster19"
"2024-12-01T09:08:10.547175";"cluster19"
"2024-12-01T09:08:09.828410";"cluster19"
"2024-12-01T09:08:09.921055";"cluster19"
"2024-12-01T09:08:15.679658";"cluster19"
"2024-12-01T09:08:24.604002";"cluster19"
"2024-12-01T09:09:48.512059";"cluster19"
"2024-12-01T09:10:04.066821";"cluster19"
"2024-12-01T09:10:11.934853";"cluster19"
"2024-12-01T09:10:22.805888";"cluster19"
"2024-12-01T09:10:30.618644";"cluster19"
"2024-12-01T09:11:17.613127";"cluster19"
"2024-12-01T09:11:50.962626";"cluster19"
"2024-12-01T09:13:11.091984";"cluster19"
"2024-12-01T09:14:31.783732";"cluster19"
"2024-12-01T09:15:54.448071";"cluster19"
"2024-12-01T09:06:49.384396";"cluster19"
"2024-12-01T09:16:28.081280";"cluster19"
"2024-12-01T09:17:03.687466";"cluster19"
"2024-12-01T09:17:11.619179";"cluster19"
"2024-12-01T09:17:15.069622";"cluster19"
"2024-12-01T09:17:23.285446";"cluster19"
"2024-12-01T09:16:32.311240";"cluster19"
"2024-12-01T09:17:40.888269";"cluster19"
"2024-12-01T09:17:49.492527";"cluster19"
"2024-12-01T09:18:08.356378";"cluster19"
"2024-12-01T09:18:42.017073";"cluster19"
"2024-12-01T09:18:47.237677";"cluster19"
"2024-12-01T09:18:55.409081";"cluster19"
"2024-12-01T09:19:42.984017";"cluster19"
"2024-12-01T09:19:46.482615";"cluster19"
"2024-12-01T09:19:52.481039";"cluster19"
"2024-12-01T09:19:51.246996";"cluster19"
"2024-12-01T09:19:55.434388";"cluster19"
"2024-12-01T09:20:47.979586";"cluster19"
"2024-12-01T09:20:53.368496";"cluster19"
"2024-12-01T09:21:04.878025";"cluster19"
"2024-12-01T09:21:15.074977";"cluster19"
"2024-12-01T09:21:33.668109";"cluster19"
"2024-12-01T09:21:59.223826";"cluster19"
"2024-12-01T09:22:04.473655";"cluster19"
"2024-12-01T09:22:30.025878";"cluster19"
"2024-12-01T09:22:25.947583";"cluster19"
"2024-12-01T09:21:03.072195";"cluster19"
"2024-12-01T09:24:02.079274";"cluster19"
"2024-12-01T09:24:33.388817";"cluster19"
"2024-12-01T09:25:12.060778";"cluster19"
"2024-12-01T09:25:28.990264";"cluster19"
"2024-12-01T09:25:42.331644";"cluster19"
"2024-12-01T09:25:37.637940";"cluster19"
"2024-12-01T09:25:38.009202";"cluster19"
"2024-12-01T09:26:00.124715";"cluster19"
"2024-12-01T09:26:03.812347";"cluster19"
"2024-12-01T09:26:09.658067";"cluster19"
"2024-12-01T09:26:13.115999";"cluster19"
"2024-12-01T09:26:17.509783";"cluster19"
"2024-12-01T09:26:22.020891";"cluster19"
"2024-12-01T09:26:28.223628";"cluster19"
"2024-12-01T09:26:33.692733";"cluster19"
"2024-12-01T09:26:41.947597";"cluster19"
"2024-12-01T09:26:35.993754";"cluster19"
"2024-12-01T09:26:47.538779";"cluster19"
"2024-12-01T09:26:58.870856";"cluster19"
"2024-12-01T09:26:40.621282";"cluster19"
"2024-12-01T09:27:18.941853";"cluster19"
"2024-12-01T09:27:27.247371";"cluster19"
"2024-12-01T09:27:35.986339";"cluster19"
"2024-12-01T09:27:41.834374";"cluster19"
"2024-12-01T09:28:26.170163";"cluster19"
"2024-12-01T09:28:50.358361";"cluster19"
"2024-12-01T09:28:57.256287";"cluster19"
"2024-12-01T09:29:07.662996";"cluster19"
"2024-12-01T09:29:12.470706";"cluster19"
"2024-12-01T09:29:16.295905";"cluster19"
"2024-12-01T09:29:32.143984";"cluster19"
"2024-12-01T09:30:05.258401";"cluster19"
"2024-12-01T09:30:50.851376";"cluster19"
"2024-12-01T09:32:10.065749";"cluster19"
"2024-12-01T09:32:37.382847";"cluster19"
"2024-12-01T09:32:45.117224";"cluster19"
"2024-12-01T09:32:47.690651";"cluster19"
"2024-12-01T09:32:51.103114";"cluster19"
"2024-12-01T09:32:56.533755";"cluster19"
"2024-12-01T09:33:02.260927";"cluster19"
"2024-12-01T09:33:08.906976";"cluster19"
"2024-12-01T09:33:32.741965";"cluster19"
"2024-12-01T09:33:29.553553";"cluster19"
"2024-12-01T09:33:38.988815";"cluster19"
"2024-12-01T09:33:56.383654";"cluster19"
"2024-12-01T09:33:50.351664";"cluster19"
"2024-12-01T09:34:03.324776";"cluster19"
"2024-12-01T09:33:59.549504";"cluster19"
"2024-12-01T09:34:23.713374";"cluster19"
"2024-12-01T09:34:20.153400";"cluster19"
"2024-12-01T09:34:28.880359";"cluster19"
"2024-12-01T09:34:42.704965";"cluster19"
"2024-12-01T09:35:31.020306";"cluster19"
"2024-12-01T09:35:50.393808";"cluster19"
"2024-12-01T09:35:56.191145";"cluster19"
"2024-12-01T09:35:57.384852";"cluster19"
"2024-12-01T09:36:07.902912";"cluster19"
"2024-12-01T09:36:02.818072";"cluster19"
"2024-12-01T09:36:32.768364";"cluster19"
"2024-12-01T09:36:40.301363";"cluster19"
"2024-12-01T09:36:48.636254";"cluster19"
"2024-12-01T09:37:04.005147";"cluster19"
"2024-12-01T09:37:01.838935";"cluster19"
"2024-12-01T09:37:45.606509";"cluster19"
"2024-12-01T09:38:19.072079";"cluster19"
"2024-12-01T09:38:19.179237";"cluster19"
"2024-12-01T09:38:14.271980";"cluster19"
"2024-12-01T09:38:43.030041";"cluster19"
"2024-12-01T09:38:56.291389";"cluster19"
"2024-12-01T09:39:00.565387";"cluster19"
"2024-12-01T09:39:07.014963";"cluster19"
"2024-12-01T09:39:11.216601";"cluster19"
"2024-12-01T09:39:24.180770";"cluster19"
"2024-12-01T09:39:24.629440";"cluster19"
"2024-12-01T09:40:43.138971";"cluster19"
"2024-12-01T09:41:24.322624";"cluster19"
"2024-12-01T09:42:10.307216";"cluster19"
"2024-12-01T09:42:18.428713";"cluster19"
"2024-12-01T09:42:23.909966";"cluster19"
"2024-12-01T09:42:21.670519";"cluster19"
"2024-12-01T09:42:28.642965";"cluster19"
"2024-12-01T09:42:33.384630";"cluster19"
"2024-12-01T09:42:35.361271";"cluster19"
"2024-12-01T09:42:42.786570";"cluster19"
"2024-12-01T09:42:39.084377";"cluster19"
"2024-12-01T09:42:51.156695";"cluster19"
"2024-12-01T09:42:55.780232";"cluster19"
"2024-12-01T09:43:00.757427";"cluster19"
"2024-12-01T09:42:54.383090";"cluster19"
"2024-12-01T09:43:11.379829";"cluster19"
"2024-12-01T09:43:19.585760";"cluster19"
"2024-12-01T09:43:22.693121";"cluster19"
"2024-12-01T09:43:41.068842";"cluster19"
"2024-12-01T09:43:48.627293";"cluster19"
"2024-12-01T09:43:46.342207";"cluster19"
"2024-12-01T09:43:57.250154";"cluster19"
"2024-12-01T09:44:06.836316";"cluster19"
"2024-12-01T09:44:16.869914";"cluster19"
"2024-12-01T09:44:04.436680";"cluster19"
"2024-12-01T09:44:29.134587";"cluster19"
"2024-12-01T09:44:11.720556";"cluster19"
"2024-12-01T09:44:45.489948";"cluster19"
"2024-12-01T09:44:50.208872";"cluster19"
"2024-12-01T09:45:03.223451";"cluster19"
"2024-12-01T09:45:11.707090";"cluster19"
"2024-12-01T09:45:25.479395";"cluster19"
"2024-12-01T09:45:34.085649";"cluster19"
"2024-12-01T09:46:18.151854";"cluster19"
"2024-12-01T09:46:12.908901";"cluster19"
"2024-12-01T09:46:24.044967";"cluster19"
"2024-12-01T09:46:26.912151";"cluster19"
"2024-12-01T09:46:30.038986";"cluster19"
"2024-12-01T09:46:25.605727";"cluster19"
"2024-12-01T09:46:36.565845";"cluster19"
"2024-12-01T09:46:38.328322";"cluster19"
"2024-12-01T09:46:43.859367";"cluster19"
"2024-12-01T09:46:49.316187";"cluster19"
"2024-12-01T09:46:54.057462";"cluster19"
"2024-12-01T09:46:59.679631";"cluster19"
"2024-12-01T09:47:27.066216";"cluster19"
"2024-12-01T09:47:37.499314";"cluster19"
"2024-12-01T09:47:42.815705";"cluster19"
"2024-12-01T09:47:48.432466";"cluster19"
"2024-12-01T09:47:55.149760";"cluster19"
"2024-12-01T09:47:30.231619";"cluster19"
"2024-12-01T09:47:53.009711";"cluster19"
"2024-12-01T09:48:00.432280";"cluster19"
"2024-12-01T09:48:07.482295";"cluster19"
"2024-12-01T09:48:04.542182";"cluster19"
"2024-12-01T09:48:15.159034";"cluster19"
"2024-12-01T09:49:00.032464";"cluster19"
"2024-12-01T09:49:16.848475";"cluster19"
"2024-12-01T09:49:18.484601";"cluster19"
"2024-12-01T09:49:22.265998";"cluster19"
"2024-12-01T09:49:21.876934";"cluster19"
"2024-12-01T09:49:26.815082";"cluster19"
"2024-12-01T09:49:34.587979";"cluster19"
"2024-12-01T09:49:54.739378";"cluster19"
"2024-12-01T09:49:57.073634";"cluster19"
"2024-12-01T09:50:03.641699";"cluster19"
"2024-12-01T09:49:25.707877";"cluster19"
"2024-12-01T09:50:08.442009";"cluster19"
"2024-12-01T09:50:15.297918";"cluster19"
"2024-12-01T09:50:23.847364";"cluster19"
"2024-12-01T09:50:58.859554";"cluster19"
"2024-12-01T09:51:06.604172";"cluster19"
"2024-12-01T09:52:04.992069";"cluster19"
"2024-12-01T09:52:12.297694";"cluster19"
"2024-12-01T09:52:33.282935";"cluster19"
"2024-12-01T09:52:41.165626";"cluster19"
"2024-12-01T09:52:51.433517";"cluster19"
"2024-12-01T09:52:57.657350";"cluster19"
"2024-12-01T09:53:01.310526";"cluster19"
"2024-12-01T09:53:05.110820";"cluster19"
"2024-12-01T09:53:55.821166";"cluster19"
"2024-12-01T09:54:08.027232";"cluster19"
"2024-12-01T09:54:13.810205";"cluster19"
"2024-12-01T09:54:17.131961";"cluster19"
"2024-12-01T09:54:30.965179";"cluster19"
"2024-12-01T09:54:50.418182";"cluster19"
"2024-12-01T09:55:55.368580";"cluster19"
"2024-12-01T09:56:04.049054";"cluster19"
"2024-12-01T09:56:19.051590";"cluster19"
"2024-12-01T09:57:16.646235";"cluster19"
"2024-12-01T09:58:06.804389";"cluster19"
"2024-12-01T09:58:30.277128";"cluster19"
"2024-12-01T09:58:38.909138";"cluster19"
"2024-12-01T09:58:46.261209";"cluster19"
"2024-12-01T09:58:58.594066";"cluster19"
"2024-12-01T09:58:30.583861";"cluster19"
"2024-12-01T09:59:09.170302";"cluster19"
"2024-12-01T10:00:09.841629";"cluster19"
"2024-12-01T10:00:14.185273";"cluster19"
"2024-12-01T10:00:27.705059";"cluster19"
"2024-12-01T10:00:46.524322";"cluster19"
"2024-12-01T10:00:50.912984";"cluster19"
"2024-12-01T10:00:58.266301";"cluster19"
"2024-12-01T10:01:02.910260";"cluster19"
"2024-12-01T10:01:12.211069";"cluster19"
"2024-12-01T10:01:20.533081";"cluster19"
"2024-12-01T10:01:20.246775";"cluster19"
"2024-12-01T10:01:25.113316";"cluster19"
"2024-12-01T10:02:58.316548";"cluster19"
"2024-12-01T10:03:04.007956";"cluster19"
"2024-12-01T10:03:08.564127";"cluster19"
"2024-12-01T10:03:18.417853";"cluster19"
"2024-12-01T10:03:33.923006";"cluster19"
"2024-12-01T10:03:44.607969";"cluster19"
"2024-12-01T10:03:48.399390";"cluster19"
"2024-12-01T10:03:56.285344";"cluster19"
"2024-12-01T10:05:06.464265";"cluster19"
"2024-12-01T10:05:10.516550";"cluster19"
"2024-12-01T10:05:39.278400";"cluster19"
"2024-12-01T10:05:44.793041";"cluster19"
"2024-12-01T10:07:44.085031";"cluster19"
"2024-12-01T10:07:49.005256";"cluster19"
"2024-12-01T10:07:57.513129";"cluster19"
"2024-12-01T10:08:01.877709";"cluster19"
"2024-12-01T10:08:02.298179";"cluster19"
"2024-12-01T10:08:07.268646";"cluster19"
"2024-12-01T10:08:10.849119";"cluster19"
"2024-12-01T10:08:11.236481";"cluster19"
"2024-12-01T10:08:19.303450";"cluster19"
"2024-12-01T10:08:24.749118";"cluster19"
"2024-12-01T10:08:21.694474";"cluster19"
"2024-12-01T10:08:20.722863";"cluster19"
"2024-12-01T10:08:33.360570";"cluster19"
"2024-12-01T10:08:22.635023";"cluster19"
"2024-12-01T10:08:53.827131";"cluster19"
"2024-12-01T10:09:27.075822";"cluster19"
"2024-12-01T10:09:30.934869";"cluster19"
"2024-12-01T10:09:54.072961";"cluster19"
"2024-12-01T10:10:07.278372";"cluster19"
"2024-12-01T10:10:27.252203";"cluster19"
"2024-12-01T10:10:41.531469";"cluster19"
"2024-12-01T10:10:47.679601";"cluster19"
"2024-12-01T10:10:53.269916";"cluster19"
"2024-12-01T10:10:55.318340";"cluster19"
"2024-12-01T10:11:00.620681";"cluster19"
"2024-12-01T10:11:03.297880";"cluster19"
"2024-12-01T10:11:06.752267";"cluster19"
"2024-12-01T10:11:21.173095";"cluster19"
"2024-12-01T10:11:32.416980";"cluster19"
"2024-12-01T10:11:13.212783";"cluster19"
"2024-12-01T10:11:38.283786";"cluster19"
"2024-12-01T10:11:41.578724";"cluster19"
"2024-12-01T10:11:51.189875";"cluster19"
"2024-12-01T10:12:03.513056";"cluster19"
"2024-12-01T10:12:12.733173";"cluster19"
"2024-12-01T10:12:04.094549";"cluster19"
"2024-12-01T10:12:43.636479";"cluster19"
"2024-12-01T10:12:49.445859";"cluster19"
"2024-12-01T10:12:55.380003";"cluster19"
"2024-12-01T10:13:00.876199";"cluster19"
"2024-12-01T10:12:59.695763";"cluster19"
"2024-12-01T10:13:06.186680";"cluster19"
"2024-12-01T10:13:12.167729";"cluster19"
"2024-12-01T10:13:39.644834";"cluster19"
"2024-12-01T10:13:58.254301";"cluster19"
"2024-12-01T10:14:21.374061";"cluster19"
"2024-12-01T10:13:53.789447";"cluster19"
"2024-12-01T10:14:55.006336";"cluster19"
"2024-12-01T10:15:29.315543";"cluster19"
"2024-12-01T10:15:34.662297";"cluster19"
"2024-12-01T10:15:40.210893";"cluster19"
"2024-12-01T10:15:49.180940";"cluster19"
"2024-12-01T10:15:53.527357";"cluster19"
"2024-12-01T10:15:49.600957";"cluster19"
"2024-12-01T10:16:01.488584";"cluster19"
"2024-12-01T10:16:05.698964";"cluster19"
"2024-12-01T10:16:04.533707";"cluster19"
"2024-12-01T10:16:14.096078";"cluster19"
"2024-12-01T10:16:19.413886";"cluster19"
"2024-12-01T10:16:31.127562";"cluster19"
"2024-12-01T10:16:39.050990";"cluster19"
"2024-12-01T10:16:44.650099";"cluster19"
"2024-12-01T10:16:54.435674";"cluster19"
"2024-12-01T10:16:53.205647";"cluster19"
"2024-12-01T10:17:06.963388";"cluster19"
"2024-12-01T10:17:12.477927";"cluster19"
"2024-12-01T10:17:00.496425";"cluster19"
"2024-12-01T10:17:18.468157";"cluster19"
"2024-12-01T10:17:17.598466";"cluster19"
"2024-12-01T10:17:22.565786";"cluster19"
"2024-12-01T10:17:30.815044";"cluster19"
"2024-12-01T10:17:10.500821";"cluster19"
"2024-12-01T10:17:35.210495";"cluster19"
"2024-12-01T10:17:43.110350";"cluster19"
"2024-12-01T10:17:47.262714";"cluster19"
"2024-12-01T10:17:41.745374";"cluster19"
"2024-12-01T10:17:54.176881";"cluster19"
"2024-12-01T10:17:59.040346";"cluster19"
"2024-12-01T10:19:09.752749";"cluster19"
"2024-12-01T10:19:16.943258";"cluster19"
"2024-12-01T10:19:23.679919";"cluster19"
"2024-12-01T10:20:06.878342";"cluster19"
"2024-12-01T10:20:48.954105";"cluster19"
"2024-12-01T10:21:21.438286";"cluster19"
"2024-12-01T10:21:33.861845";"cluster19"
"2024-12-01T10:22:05.965541";"cluster19"
"2024-12-01T10:22:11.825752";"cluster19"
"2024-12-01T10:22:17.876903";"cluster19"
"2024-12-01T10:22:25.808655";"cluster19"
"2024-12-01T10:22:37.879096";"cluster19"
"2024-12-01T10:22:43.199014";"cluster19"
"2024-12-01T10:22:46.482069";"cluster19"
"2024-12-01T10:23:15.018856";"cluster19"
"2024-12-01T10:23:29.427984";"cluster19"
"2024-12-01T10:23:34.851855";"cluster19"
"2024-12-01T10:23:47.369590";"cluster19"
"2024-12-01T10:23:52.314199";"cluster19"
"2024-12-01T10:24:06.658308";"cluster19"
"2024-12-01T10:24:11.557794";"cluster19"
"2024-12-01T10:24:16.059098";"cluster19"
"2024-12-01T10:24:21.061945";"cluster19"
"2024-12-01T10:24:25.562261";"cluster19"
"2024-12-01T10:24:30.052113";"cluster19"
"2024-12-01T10:24:33.957851";"cluster19"
"2024-12-01T10:24:38.089885";"cluster19"
"2024-12-01T10:24:46.006591";"cluster19"
"2024-12-01T10:24:49.138115";"cluster19"
"2024-12-01T10:24:45.767176";"cluster19"
"2024-12-01T10:24:55.884674";"cluster19"
"2024-12-01T10:24:57.044654";"cluster19"
"2024-12-01T10:25:02.691231";"cluster19"
"2024-12-01T10:25:06.931950";"cluster19"
"2024-12-01T10:25:14.554209";"cluster19"
"2024-12-01T10:25:18.559409";"cluster19"
"2024-12-01T10:25:21.969961";"cluster19"
"2024-12-01T10:25:23.529863";"cluster19"
"2024-12-01T10:25:28.046127";"cluster19"
"2024-12-01T10:25:29.761349";"cluster19"
"2024-12-01T10:25:33.593634";"cluster19"
"2024-12-01T10:25:35.717167";"cluster19"
"2024-12-01T10:25:42.182989";"cluster19"
"2024-12-01T10:25:45.498930";"cluster19"
"2024-12-01T10:25:50.422141";"cluster19"
"2024-12-01T10:25:58.029032";"cluster19"
"2024-12-01T10:26:00.909157";"cluster19"
"2024-12-01T10:26:03.450242";"cluster19"
"2024-12-01T10:26:09.356218";"cluster19"
"2024-12-01T10:26:17.717824";"cluster19"
"2024-12-01T10:26:20.723702";"cluster19"
"2024-12-01T10:26:22.646367";"cluster19"
"2024-12-01T10:26:34.186125";"cluster19"
"2024-12-01T10:26:32.440677";"cluster19"
"2024-12-01T10:26:41.752560";"cluster19"
"2024-12-01T10:26:46.372407";"cluster19"
"2024-12-01T10:26:50.940128";"cluster19"
"2024-12-01T10:26:54.872815";"cluster19"
"2024-12-01T10:26:58.794237";"cluster19"
"2024-12-01T10:27:02.759630";"cluster19"
"2024-12-01T10:27:06.647276";"cluster19"
"2024-12-01T10:27:11.013975";"cluster19"
"2024-12-01T10:27:16.160446";"cluster19"
"2024-12-01T10:27:12.675917";"cluster19"
"2024-12-01T10:27:19.290482";"cluster19"
"2024-12-01T10:26:31.091927";"cluster19"
"2024-12-01T10:27:55.343457";"cluster19"
"2024-12-01T10:28:02.393801";"cluster19"
"2024-12-01T10:28:06.429022";"cluster19"
"2024-12-01T10:28:11.498859";"cluster19"
"2024-12-01T10:28:48.930616";"cluster19"
"2024-12-01T10:29:00.179570";"cluster19"
"2024-12-01T10:29:19.558837";"cluster19"
"2024-12-01T10:29:18.530021";"cluster19"
"2024-12-01T10:30:30.944995";"cluster19"
"2024-12-01T10:30:59.520654";"cluster19"
"2024-12-01T10:32:34.865063";"cluster19"
"2024-12-01T10:33:32.419097";"cluster19"
"2024-12-01T10:34:06.311181";"cluster19"
"2024-12-01T10:34:56.204882";"cluster19"
"2024-12-01T10:34:57.142349";"cluster19"
"2024-12-01T10:35:04.464578";"cluster19"
"2024-12-01T10:35:11.217254";"cluster19"
"2024-12-01T10:36:06.530867";"cluster19"
"2024-12-01T10:36:32.063407";"cluster19"
"2024-12-01T10:32:52.765302";"cluster19"
"2024-12-01T10:36:52.329464";"cluster19"
"2024-12-01T10:37:16.581397";"cluster19"
"2024-12-01T10:37:21.277569";"cluster19"
"2024-12-01T10:37:26.630806";"cluster19"
"2024-12-01T10:37:35.264304";"cluster19"
"2024-12-01T10:37:38.913590";"cluster19"
"2024-12-01T10:37:43.464896";"cluster19"
"2024-12-01T10:37:49.548610";"cluster19"
"2024-12-01T10:38:30.514601";"cluster19"
"2024-12-01T10:38:08.140868";"cluster19"
"2024-12-01T10:40:04.783008";"cluster19"
"2024-12-01T10:40:30.948882";"cluster19"
"2024-12-01T10:40:46.904018";"cluster19"
"2024-12-01T10:40:52.834932";"cluster19"
"2024-12-01T10:41:42.981992";"cluster19"
"2024-12-01T10:41:48.099162";"cluster19"
"2024-12-01T10:42:14.218798";"cluster19"
"2024-12-01T10:41:56.465981";"cluster19"
"2024-12-01T10:42:32.844606";"cluster19"
"2024-12-01T10:42:38.036663";"cluster19"
"2024-12-01T10:42:42.620782";"cluster19"
"2024-12-01T10:42:48.023547";"cluster19"
"2024-12-01T10:42:52.220288";"cluster19"
"2024-12-01T10:42:59.804610";"cluster19"
"2024-12-01T10:43:03.004396";"cluster19"
"2024-12-01T10:43:06.038958";"cluster19"
"2024-12-01T10:43:10.545380";"cluster19"
"2024-12-01T10:43:20.455097";"cluster19"
"2024-12-01T10:44:26.354878";"cluster19"
"2024-12-01T10:44:59.501466";"cluster19"
"2024-12-01T10:45:04.411961";"cluster19"
"2024-12-01T10:45:10.324880";"cluster19"
"2024-12-01T10:45:28.099196";"cluster19"
"2024-12-01T10:45:50.614063";"cluster19"
"2024-12-01T10:46:23.926071";"cluster19"
"2024-12-01T10:46:44.175296";"cluster19"
"2024-12-01T10:46:50.472851";"cluster19"
"2024-12-01T10:46:56.804714";"cluster19"
"2024-12-01T10:47:59.989788";"cluster19"
"2024-12-01T10:48:55.354193";"cluster19"
"2024-12-01T10:49:07.876059";"cluster19"
"2024-12-01T10:49:07.100738";"cluster19"
"2024-12-01T10:49:13.800258";"cluster19"
"2024-12-01T10:49:26.045378";"cluster19"
"2024-12-01T10:49:43.377665";"cluster19"
"2024-12-01T10:49:50.870227";"cluster19"
"2024-12-01T10:50:02.949402";"cluster19"
"2024-12-01T10:50:12.580617";"cluster19"
"2024-12-01T10:50:24.517741";"cluster19"
"2024-12-01T10:50:33.714989";"cluster19"
"2024-12-01T10:50:27.363084";"cluster19"
"2024-12-01T10:50:47.713235";"cluster19"
"2024-12-01T10:51:03.602996";"cluster19"
"2024-12-01T10:51:01.435791";"cluster19"
"2024-12-01T10:51:15.058807";"cluster19"
"2024-12-01T10:51:15.281203";"cluster19"
"2024-12-01T10:51:19.792288";"cluster19"
"2024-12-01T10:51:14.461397";"cluster19"
"2024-12-01T10:51:24.008819";"cluster19"
"2024-12-01T10:51:27.037820";"cluster19"
"2024-12-01T10:51:30.192299";"cluster19"
"2024-12-01T10:51:23.084563";"cluster19"
"2024-12-01T10:51:49.915649";"cluster19"
"2024-12-01T10:51:54.899645";"cluster19"
"2024-12-01T10:52:03.293224";"cluster19"
"2024-12-01T10:52:08.958360";"cluster19"
"2024-12-01T10:51:50.175663";"cluster19"
"2024-12-01T10:52:16.035253";"cluster19"
"2024-12-01T10:52:22.231940";"cluster19"
"2024-12-01T10:52:27.282677";"cluster19"
"2024-12-01T10:52:32.499509";"cluster19"
"2024-12-01T10:52:38.613622";"cluster19"
"2024-12-01T10:55:15.299832";"cluster19"
"2024-12-01T10:55:28.767697";"cluster19"
"2024-12-01T10:55:50.969532";"cluster19"
"2024-12-01T10:58:07.396347";"cluster19"
"2024-12-01T10:58:16.186245";"cluster19"
"2024-12-01T10:58:33.515655";"cluster19"
"2024-12-01T10:58:34.580437";"cluster19"
"2024-12-01T10:58:45.503320";"cluster19"
"2024-12-01T10:59:14.415354";"cluster19"
"2024-12-01T10:59:22.367563";"cluster19"
"2024-12-01T10:59:31.405791";"cluster19"
"2024-12-01T10:59:28.871990";"cluster19"
"2024-12-01T10:59:49.932866";"cluster19"
"2024-12-01T10:59:58.212400";"cluster19"
"2024-12-01T11:02:12.429422";"cluster19"
"2024-12-01T11:02:48.726201";"cluster19"
"2024-12-01T11:02:53.577017";"cluster19"
"2024-12-01T11:02:49.152670";"cluster19"
"2024-12-01T11:03:00.562862";"cluster19"
"2024-12-01T11:03:11.138747";"cluster19"
"2024-12-01T11:03:03.769392";"cluster19"
"2024-12-01T11:03:14.096033";"cluster19"
"2024-12-01T11:03:19.512154";"cluster19"
"2024-12-01T11:04:10.162811";"cluster19"
"2024-12-01T11:04:43.882882";"cluster19"
"2024-12-01T11:04:48.452462";"cluster19"
"2024-12-01T11:04:54.632430";"cluster19"
"2024-12-01T11:04:59.217628";"cluster19"
"2024-12-01T11:05:04.700625";"cluster19"
"2024-12-01T11:05:37.945426";"cluster19"
"2024-12-01T11:05:31.148105";"cluster19"
"2024-12-01T11:05:44.807400";"cluster19"
"2024-12-01T11:06:00.556967";"cluster19"
"2024-12-01T11:06:06.454622";"cluster19"
"2024-12-01T11:06:11.457044";"cluster19"
"2024-12-01T11:06:16.423414";"cluster19"
"2024-12-01T11:06:21.241314";"cluster19"
"2024-12-01T11:06:24.525563";"cluster19"
"2024-12-01T11:06:19.840044";"cluster19"
"2024-12-01T11:06:31.150373";"cluster19"
"2024-12-01T11:06:29.331744";"cluster19"
"2024-12-01T11:06:37.253463";"cluster19"
"2024-12-01T11:06:51.131526";"cluster19"
"2024-12-01T11:07:12.379183";"cluster19"
"2024-12-01T11:07:31.429846";"cluster19"
"2024-12-01T11:07:37.466088";"cluster19"
"2024-12-01T11:07:28.081484";"cluster19"
"2024-12-01T11:07:45.629176";"cluster19"
"2024-12-01T11:07:50.143571";"cluster19"
"2024-12-01T11:08:00.964179";"cluster19"
"2024-12-01T11:08:55.532362";"cluster19"
"2024-12-01T11:08:41.902305";"cluster19"
"2024-12-01T11:08:59.298858";"cluster19"
"2024-12-01T11:09:18.752614";"cluster19"
"2024-12-01T11:09:24.368235";"cluster19"
"2024-12-01T11:10:24.223414";"cluster19"
"2024-12-01T11:10:29.038082";"cluster19"
"2024-12-01T11:10:32.925809";"cluster19"
"2024-12-01T11:10:37.112732";"cluster19"
"2024-12-01T11:10:41.265908";"cluster19"
"2024-12-01T11:10:45.469187";"cluster19"
"2024-12-01T11:10:50.420489";"cluster19"
"2024-12-01T11:10:54.524642";"cluster19"
"2024-12-01T11:10:59.757704";"cluster19"
"2024-12-01T11:10:55.064266";"cluster19"
"2024-12-01T11:11:04.259558";"cluster19"
"2024-12-01T11:11:08.031499";"cluster19"
"2024-12-01T11:11:14.116876";"cluster19"
"2024-12-01T11:11:17.635118";"cluster19"
"2024-12-01T11:11:21.039259";"cluster19"
"2024-12-01T11:12:19.764";"cluster19"
"2024-12-01T11:12:30.078808";"cluster19"
"2024-12-01T11:12:32.430573";"cluster19"
"2024-12-01T11:12:35.556803";"cluster19"
"2024-12-01T11:12:42.356069";"cluster19"
"2024-12-01T11:04:46.549624";"cluster19"
"2024-12-01T11:12:47.885825";"cluster19"
"2024-12-01T11:12:53.498071";"cluster19"
"2024-12-01T11:13:20.573588";"cluster19"
"2024-12-01T11:13:21.627234";"cluster19"
"2024-12-01T11:13:26.832455";"cluster19"
"2024-12-01T11:13:31.239982";"cluster19"
"2024-12-01T11:13:36.818901";"cluster19"
"2024-12-01T11:12:37.430823";"cluster19"
"2024-12-01T11:13:42.190052";"cluster19"
"2024-12-01T11:13:46.108629";"cluster19"
"2024-12-01T11:13:49.308730";"cluster19"
"2024-12-01T11:13:36.736421";"cluster19"
"2024-12-01T11:13:53.428245";"cluster19"
"2024-12-01T11:14:05.346775";"cluster19"
"2024-12-01T11:14:11.583781";"cluster19"
"2024-12-01T11:14:15.619871";"cluster19"
"2024-12-01T11:14:20.605963";"cluster19"
"2024-12-01T11:14:24.713224";"cluster19"
"2024-12-01T11:14:23.797256";"cluster19"
"2024-12-01T11:14:30.483870";"cluster19"
"2024-12-01T11:14:29.861841";"cluster19"
"2024-12-01T11:14:38.423530";"cluster19"
"2024-12-01T11:14:43.244011";"cluster19"
"2024-12-01T11:14:02.154157";"cluster19"
"2024-12-01T11:14:48.349370";"cluster19"
"2024-12-01T11:14:59.697870";"cluster19"
"2024-12-01T11:15:06.321977";"cluster19"
"2024-12-01T11:15:00.792332";"cluster19"
"2024-12-01T11:15:18.318088";"cluster19"
"2024-12-01T11:15:33.187423";"cluster19"
"2024-12-01T11:15:36.388692";"cluster19"
"2024-12-01T11:15:41.569758";"cluster19"
"2024-12-01T11:15:43.514363";"cluster19"
"2024-12-01T11:15:45.998383";"cluster19"
"2024-12-01T11:15:50.250010";"cluster19"
"2024-12-01T11:15:58.330303";"cluster19"
"2024-12-01T11:16:03.397305";"cluster19"
"2024-12-01T11:14:35.846798";"cluster19"
"2024-12-01T11:16:14.189088";"cluster19"
"2024-12-01T11:16:18.067133";"cluster19"
"2024-12-01T11:16:20.161754";"cluster19"
"2024-12-01T11:16:24.828614";"cluster19"
"2024-12-01T11:16:30.268905";"cluster19"
"2024-12-01T11:18:13.037377";"cluster19"
"2024-12-01T11:19:07.151137";"cluster19"
"2024-12-01T11:19:02.730027";"cluster19"
"2024-12-01T11:20:33.939893";"cluster19"
"2024-12-01T11:22:04.714865";"cluster19"
"2024-12-01T11:23:59.173805";"cluster19"
"2024-12-01T11:24:04.848371";"cluster19"
"2024-12-01T11:24:08.488625";"cluster19"
"2024-12-01T11:23:50.759459";"cluster19"
"2024-12-01T11:24:18.660657";"cluster19"
"2024-12-01T11:24:33.045477";"cluster19"
"2024-12-01T11:24:50.740496";"cluster19"
"2024-12-01T11:25:03.498929";"cluster19"
"2024-12-01T11:25:18.474907";"cluster19"
"2024-12-01T11:25:45.435603";"cluster19"
"2024-12-01T11:26:42.553082";"cluster19"
"2024-12-01T11:27:10.516256";"cluster19"
"2024-12-01T11:27:14.579444";"cluster19"
"2024-12-01T11:27:19.395973";"cluster19"
"2024-12-01T11:27:40.719276";"cluster19"
"2024-12-01T11:27:51.229755";"cluster19"
"2024-12-01T11:27:57.159771";"cluster19"
"2024-12-01T11:28:03.513258";"cluster19"
"2024-12-01T11:27:56.477295";"cluster19"
"2024-12-01T11:28:07.429280";"cluster19"
"2024-12-01T11:28:07.348972";"cluster19"
"2024-12-01T11:28:12.552422";"cluster19"
"2024-12-01T11:28:15.885038";"cluster19"
"2024-12-01T11:28:03.541222";"cluster19"
"2024-12-01T11:28:29.798882";"cluster19"
"2024-12-01T11:28:29.355056";"cluster19"
"2024-12-01T11:28:38.112506";"cluster19"
"2024-12-01T11:28:46.266237";"cluster19"
"2024-12-01T11:29:00.174885";"cluster19"
"2024-12-01T11:29:16.047173";"cluster19"
"2024-12-01T11:29:48.940982";"cluster19"
"2024-12-01T11:29:54.572029";"cluster19"
"2024-12-01T11:30:00.803975";"cluster19"
"2024-12-01T11:30:56.191773";"cluster19"
"2024-12-01T11:31:14.369496";"cluster19"
"2024-12-01T11:31:16.200439";"cluster19"
"2024-12-01T11:31:18.963718";"cluster19"
"2024-12-01T11:31:23.808836";"cluster19"
"2024-12-01T11:31:23.608207";"cluster19"
"2024-12-01T11:31:31.317974";"cluster19"
"2024-12-01T11:32:12.775271";"cluster19"
"2024-12-01T11:32:54.338275";"cluster19"
"2024-12-01T11:33:02.354576";"cluster19"
"2024-12-01T11:33:09.571161";"cluster19"
"2024-12-01T11:33:26.237768";"cluster19"
"2024-12-01T11:33:34.487945";"cluster19"
"2024-12-01T11:32:47.759411";"cluster19"
"2024-12-01T11:34:28.500022";"cluster19"
"2024-12-01T11:34:56.470095";"cluster19"
"2024-12-01T11:35:48.967852";"cluster19"
"2024-12-01T11:35:56.500322";"cluster19"
"2024-12-01T11:36:03.519916";"cluster19"
"2024-12-01T11:36:08.017836";"cluster19"
"2024-12-01T11:36:08.635386";"cluster19"
"2024-12-01T11:37:24.651047";"cluster19"
"2024-12-01T11:37:33.205669";"cluster19"
"2024-12-01T11:37:33.702889";"cluster19"
"2024-12-01T11:38:06.920236";"cluster19"
"2024-12-01T11:39:08.876574";"cluster19"
"2024-12-01T11:39:12.804520";"cluster19"
"2024-12-01T11:39:26.653055";"cluster19"
"2024-12-01T11:39:31.552710";"cluster19"
"2024-12-01T11:39:21.458185";"cluster19"
"2024-12-01T11:39:36.086866";"cluster19"
"2024-12-01T11:39:48.927095";"cluster19"
"2024-12-01T11:39:57.249678";"cluster19"
"2024-12-01T11:39:46.089317";"cluster19"
"2024-12-01T11:40:03.986596";"cluster19"
"2024-12-01T11:40:15.251885";"cluster19"
"2024-12-01T11:40:15.248707";"cluster19"
"2024-12-01T11:40:19.271512";"cluster19"
"2024-12-01T11:40:32.476701";"cluster19"
"2024-12-01T11:40:34.379853";"cluster19"
"2024-12-01T11:40:38.912908";"cluster19"
"2024-12-01T11:40:46.418103";"cluster19"
"2024-12-01T11:40:45.629672";"cluster19"
"2024-12-01T11:40:55.138959";"cluster19"
"2024-12-01T11:40:59.384552";"cluster19"
"2024-12-01T11:41:03.472115";"cluster19"
"2024-12-01T11:41:08.452933";"cluster19"
"2024-12-01T11:41:13.897265";"cluster19"
"2024-12-01T11:41:08.986524";"cluster19"
"2024-12-01T11:41:19.108294";"cluster19"
"2024-12-01T11:41:21.122101";"cluster19"
"2024-12-01T11:41:24.973235";"cluster19"
"2024-12-01T11:41:34.784233";"cluster19"
"2024-12-01T11:41:40.520941";"cluster19"
"2024-12-01T11:41:47.775578";"cluster19"
"2024-12-01T11:41:53.310235";"cluster19"
"2024-12-01T11:41:55.681865";"cluster19"
"2024-12-01T11:42:08.565401";"cluster19"
"2024-12-01T11:42:11.826017";"cluster19"
"2024-12-01T11:41:31.823001";"cluster19"
"2024-12-01T11:44:20.037242";"cluster19"
"2024-12-01T11:44:48.537341";"cluster19"
"2024-12-01T11:44:11.064394";"cluster19"
"2024-12-01T11:45:04.337459";"cluster19"
"2024-12-01T11:45:28.320190";"cluster19"
"2024-12-01T11:46:05.020321";"cluster19"
"2024-12-01T11:48:10.403229";"cluster19"
"2024-12-01T11:48:18.552981";"cluster19"
"2024-12-01T11:48:24.819386";"cluster19"
"2024-12-01T11:49:08.627878";"cluster19"
"2024-12-01T11:51:39.593471";"cluster19"
"2024-12-01T11:51:46.589619";"cluster19"
"2024-12-01T11:52:02.260781";"cluster19"
"2024-12-01T11:52:08.464020";"cluster19"
"2024-12-01T11:52:20.385945";"cluster19"
"2024-12-01T11:52:28.958764";"cluster19"
"2024-12-01T11:52:36.283991";"cluster19"
"2024-12-01T11:40:32.980708";"cluster19"
"2024-12-01T11:52:56.790167";"cluster19"
"2024-12-01T11:55:56.311864";"cluster19"
"2024-12-01T11:56:03.186846";"cluster19"
"2024-12-01T11:56:14.480658";"cluster19"
"2024-12-01T11:56:19.701321";"cluster19"
"2024-12-01T11:56:24.103497";"cluster19"
"2024-12-01T11:56:29.199035";"cluster19"
"2024-12-01T11:56:33.961036";"cluster19"
"2024-12-01T11:56:38.020142";"cluster19"
"2024-12-01T11:56:42.756612";"cluster19"
"2024-12-01T11:56:39.250480";"cluster19"
"2024-12-01T11:56:48.127747";"cluster19"
"2024-12-01T11:56:51.962348";"cluster19"
"2024-12-01T11:56:56.390021";"cluster19"
"2024-12-01T11:57:04.957180";"cluster19"
"2024-12-01T11:57:13.814330";"cluster19"
"2024-12-01T11:57:18.459032";"cluster19"
"2024-12-01T11:57:22.368282";"cluster19"
"2024-12-01T11:57:27.363505";"cluster19"
"2024-12-01T11:57:32.233351";"cluster19"
"2024-12-01T11:57:36.076098";"cluster19"
"2024-12-01T11:57:42.633377";"cluster19"
"2024-12-01T11:57:24.552663";"cluster19"
"2024-12-01T11:57:46.367231";"cluster19"
"2024-12-01T11:59:12.307013";"cluster19"
"2024-12-01T11:59:37.842843";"cluster19"
"2024-12-01T12:01:23.527146";"cluster19"
"2024-12-01T12:01:28.872996";"cluster19"
"2024-12-01T12:01:55.533763";"cluster19"
"2024-12-01T12:01:56.117411";"cluster19"
"2024-12-01T12:02:02.542431";"cluster19"
"2024-12-01T12:02:31.957972";"cluster19"
"2024-12-01T12:03:30.133585";"cluster19"
"2024-12-01T12:03:51.333724";"cluster19"
"2024-12-01T12:02:02.231200";"cluster19"
"2024-12-01T12:03:56.824838";"cluster19"
"2024-12-01T12:03:55.443012";"cluster19"
"2024-12-01T12:04:46.639576";"cluster19"
"2024-12-01T12:04:18.709858";"cluster19"
"2024-12-01T12:04:47.959180";"cluster19"
"2024-12-01T12:05:14.123148";"cluster19"
"2024-12-01T12:05:22.113013";"cluster19"
"2024-12-01T12:05:51.880549";"cluster19"
"2024-12-01T12:06:44.189965";"cluster19"
"2024-12-01T12:06:48.089708";"cluster19"
"2024-12-01T12:06:52.293255";"cluster19"
"2024-12-01T12:06:49.619672";"cluster19"
"2024-12-01T12:07:03.768619";"cluster19"
"2024-12-01T12:07:45.769918";"cluster19"
"2024-12-01T12:09:08.896400";"cluster19"
"2024-12-01T12:09:15.194268";"cluster19"
"2024-12-01T12:09:29.722357";"cluster19"
"2024-12-01T12:10:59.491572";"cluster19"
"2024-12-01T12:11:03.333487";"cluster19"
"2024-12-01T12:12:23.081882";"cluster19"
"2024-12-01T12:18:33.790334";"cluster19"
"2024-12-01T12:19:00.969233";"cluster19"
"2025-07-19T08:36:23.298863";"cluster19"
"2025-07-19T08:39:24.338549";"cluster19"
"2025-07-19T08:41:51.613834";"cluster19"
"2025-07-19T08:45:57.772569";"cluster19"
"2025-07-19T08:48:27.147680";"cluster19"
"2025-07-19T08:51:01.206663";"cluster19"
"2025-07-19T09:00:24.354040";"cluster19"
"2025-07-19T09:01:42.290528";"cluster19"
"2025-07-19T09:00:24.354040";"cluster19"
"2025-07-19T08:59:48.430835";"cluster19"
"2025-07-19T09:02:57.971395";"cluster19"
"2025-07-19T09:07:08.864620";"cluster19"
"2025-07-19T09:07:53.795367";"cluster19"
"2025-07-19T09:11:56.561117";"cluster19"
"2025-07-19T09:12:12.123785";"cluster19"
"2025-07-19T09:16:08.968450";"cluster19"
"2025-07-19T09:24:25.239370";"cluster19"
"2025-07-19T09:24:50.770088";"cluster19"
"2025-07-19T09:25:03.211214";"cluster19"
"2025-07-19T09:25:21.181208";"cluster19"
"2025-07-19T09:28:08.988713";"cluster19"
"2025-07-19T09:29:06.908353";"cluster19"
"2025-07-19T09:32:46.656360";"cluster19"
"2025-07-19T09:32:56.868069";"cluster19"
"2025-07-19T09:33:21.981742";"cluster19"
"2025-07-19T09:33:53.246546";"cluster19"
"2025-07-19T09:36:45.757995";"cluster19"
"2025-07-19T09:42:51.510591";"cluster19"
"2025-07-19T09:43:40.058749";"cluster19"
"2025-07-19T09:44:03.341018";"cluster19"
"2025-07-19T09:45:55.604431";"cluster19"
"2025-07-19T09:44:15.342092";"cluster19"
"2025-07-19T09:46:58.672266";"cluster19"
"2025-07-19T09:49:41.035336";"cluster19"
"2025-07-19T09:49:58.690935";"cluster19"
"2025-07-19T09:50:10.714864";"cluster19"
"2025-07-19T09:50:19.899420";"cluster19"
"2025-07-19T09:50:37.222073";"cluster19"
"2025-07-19T09:50:47.725875";"cluster19"
"2025-07-19T09:57:17.726934";"cluster19"
"2025-07-19T09:57:33.440733";"cluster19"
"2025-07-19T09:59:11.322587";"cluster19"
"2025-07-19T10:00:56.179424";"cluster19"
"2025-07-19T10:01:07.490337";"cluster19"
"2025-07-19T10:00:38.048289";"cluster19"
"2025-07-19T10:01:23.316268";"cluster19"
"2025-07-19T10:01:20.790497";"cluster19"
"2025-07-19T10:02:55.373556";"cluster19"
"2025-07-19T10:03:10.131121";"cluster19"
"2025-07-19T10:03:35.044237";"cluster19"
"2025-07-19T10:03:49.288516";"cluster19"
"2025-07-19T10:04:00.852226";"cluster19"
"2025-07-19T10:06:37.227562";"cluster19"
"2025-07-19T10:06:48.520354";"cluster19"
"2025-07-19T10:10:38.231401";"cluster19"
"2025-07-19T10:19:53.906239";"cluster19"
"2025-07-19T10:20:06.275994";"cluster19"
"2025-07-19T10:08:22.038656";"cluster19"
"2025-07-19T10:22:35.300157";"cluster19"
"2025-07-19T10:22:49.770950";"cluster19"
"2025-07-19T10:23:35.129240";"cluster19"
"2025-07-19T10:23:56.629076";"cluster19"
"2025-07-19T10:24:36.682041";"cluster19"
"2025-07-19T10:24:54.323353";"cluster19"
"2025-07-19T10:24:58.715450";"cluster19"
"2025-07-19T10:25:27.761920";"cluster19"
"2025-07-19T10:25:44.466832";"cluster19"
"2025-07-19T10:25:55.295203";"cluster19"
"2025-07-19T10:25:14.680170";"cluster19"
"2025-07-19T10:26:23.836956";"cluster19"
"2025-07-19T10:26:46.722646";"cluster19"
"2025-07-19T10:28:00.529703";"cluster19"
"2025-07-19T10:30:24.609504";"cluster19"
"2025-07-19T10:27:57.453442";"cluster19"
"2025-07-19T10:32:52.935021";"cluster19"
"2025-07-19T10:35:15.279158";"cluster19"
"2025-07-19T10:36:19.891292";"cluster19"
"2025-07-19T10:36:52.639751";"cluster19"
"2025-07-19T10:38:23.254458";"cluster19"
"2025-07-19T10:38:36.842428";"cluster19"
"2025-07-19T10:41:15.496317";"cluster19"
"2025-07-19T10:41:22.199101";"cluster19"
"2025-07-19T10:45:15.993225";"cluster19"
"2025-07-19T10:46:20.468471";"cluster19"
"2025-07-19T10:47:15.901230";"cluster19"
"2025-07-19T10:50:33.482134";"cluster19"
"2025-07-19T10:50:50.500755";"cluster19"
"2025-07-19T10:50:48.133549";"cluster19"
"2025-07-19T10:51:07.056495";"cluster19"
"2025-07-19T10:54:19.900154";"cluster19"
"2025-07-19T10:55:25.508632";"cluster19"
"2025-07-19T10:55:33.424065";"cluster19"
"2025-07-19T10:55:41.399350";"cluster19"
"2025-07-19T10:55:58.892086";"cluster19"
"2025-07-19T10:56:27.568210";"cluster19"
"2025-07-19T11:00:58.548268";"cluster19"
"2025-07-19T11:01:19.577688";"cluster19"
"2025-07-19T11:02:16.549146";"cluster19"
"2025-07-19T11:02:44.437133";"cluster19"
"2025-07-19T11:02:52.013453";"cluster19"
"2025-07-19T11:03:26.489152";"cluster19"
"2025-07-19T11:04:26.746731";"cluster19"
"2025-07-19T11:04:47.407693";"cluster19"
"2025-07-19T11:06:45.041856";"cluster19"
"2025-07-19T11:11:25.194748";"cluster19"
"2025-07-19T11:12:40.386393";"cluster19"
"2025-07-19T11:13:58.005441";"cluster19"
"2025-07-19T11:14:29.717826";"cluster19"
"2025-07-19T11:14:50.887500";"cluster19"
"2025-07-19T11:15:07.505091";"cluster19"
"2025-07-19T11:15:18.812695";"cluster19"
"2025-07-19T11:15:30.288602";"cluster19"
"2025-07-19T11:15:45.469346";"cluster19"
"2025-07-19T11:15:56.360810";"cluster19"
"2025-07-19T11:17:38.567571";"cluster19"
"2025-07-19T11:17:51.392098";"cluster19"
"2025-07-19T11:18:01.384226";"cluster19"
"2025-07-19T11:18:16.561355";"cluster19"
"2025-07-19T11:18:30.098604";"cluster19"
"2025-07-19T11:20:14.436855";"cluster19"
"2025-07-19T11:23:32.713110";"cluster19"
"2025-07-19T11:26:44.032331";"cluster19"
"2025-07-19T11:27:31.437117";"cluster19"
"2025-07-19T11:28:55.721082";"cluster19"
"2025-07-19T11:29:57.469246";"cluster19"
"2025-07-19T11:30:09.702892";"cluster19"
"2025-07-19T11:30:25.542722";"cluster19"
"2025-07-19T11:30:39.074885";"cluster19"
"2025-07-19T11:31:22.523751";"cluster19"
"2025-07-19T11:31:40.569460";"cluster19"
"2025-07-19T11:49:43.927173";"cluster19"
"2025-07-19T11:51:21.740393";"cluster19"
"2025-07-19T11:51:33.917650";"cluster19"
"2025-07-19T11:51:56.461672";"cluster19"
"2025-07-19T11:52:44.086763";"cluster19"
"2025-07-19T11:53:14.989869";"cluster19"
"2025-07-19T11:53:29.141068";"cluster19"
"2025-07-19T11:53:51.169339";"cluster19"
"2025-07-19T11:54:04.060248";"cluster19"
"2025-07-19T11:54:20.888241";"cluster19"
"2025-07-19T12:02:17.851726";"cluster19"
"2025-07-19T12:18:13.843153";"cluster19"
"2025-07-19T12:25:56.361150";"cluster19"
"2025-07-19T12:31:20.411111";"cluster19"
"2025-07-19T12:33:58.959341";"cluster19"
"2025-07-20T08:38:41.455326";"cluster19"
"2025-07-20T08:57:42.767765";"cluster19"
"2025-07-20T09:02:48.475634";"cluster19"
"2025-07-20T09:23:21.273188";"cluster19"
"2025-07-20T09:23:53.545692";"cluster19"
"2025-07-20T09:24:59.422681";"cluster19"
"2025-07-20T09:42:30.191767";"cluster19"
"2025-07-20T09:42:51.562516";"cluster19"
"2025-07-20T09:53:12.774798";"cluster19"
"2025-07-20T09:55:52.792861";"cluster19"
"2025-07-20T10:01:22.924749";"cluster19"
"2025-07-20T10:02:27.009391";"cluster19"
"2025-07-20T10:07:56.563963";"cluster19"
"2025-07-20T10:11:12.565063";"cluster19"
"2025-07-20T10:11:29.175626";"cluster19"
"2025-07-20T10:17:42.683783";"cluster19"
"2025-07-20T10:19:09.471902";"cluster19"
"2025-07-20T10:20:49.725921";"cluster19"
"2025-07-20T10:34:31.273015";"cluster19"
"2025-07-20T10:41:08.816987";"cluster19"
"2025-07-20T10:41:29.139375";"cluster19"
"2025-07-20T10:47:09.619690";"cluster19"
"2025-07-20T10:54:19.467577";"cluster19"
"2025-07-20T10:54:29.237032";"cluster19"
"2025-07-20T10:54:59.246146";"cluster19"
"2025-07-20T11:03:23.207587";"cluster19"
"2025-07-20T11:32:38.451084";"cluster19"
"2025-07-20T11:20:27.906810";"cluster19"
"2025-07-20T11:18:26.702473";"cluster19"
"2025-07-20T11:34:15.152542";"cluster19"
"2025-07-20T11:28:16.457330";"cluster19"
"2025-07-20T11:02:14.861475";"cluster19"
"2025-07-20T11:17:39.051113";"cluster19"
"2025-07-20T11:07:48.547152";"cluster19"
"2025-07-20T11:08:00.647005";"cluster19"
"2025-07-20T11:28:48.579878";"cluster19"
"2025-07-20T11:32:00.320141";"cluster19"
"2025-07-20T10:57:50.982222";"cluster19"
